	test_statistic	p	-log2(p)	FDR_corrected_p
A2ML1_mutation_status	0.01335764196129736	0.9079891669025221	0.1392530098703366	0.999934250474592
A2M_mutation_status	0.3413935216692814	0.5590259571547386	0.8390128218564833	0.999934250474592
ABCA12_mutation_status	0.0008950294636885836	0.976133213560366	0.034850048094683596	0.999934250474592
ABCA13_mutation_status	0.06961721333240267	0.7918949341312267	0.3366190636516984	0.999934250474592
ABCA2_mutation_status	0.025461370796391818	0.8732228096777612	0.19557827905797673	0.999934250474592
ABCA3_mutation_status	0.005619595241476392	0.940243387235222	0.0888938401110122	0.999934250474592
ABCB1_mutation_status	3.3370447255809165e-05	0.995390873160002	0.006664936029120652	0.999934250474592
ABCB4_mutation_status	0.306269908590566	0.5799781897750219	0.7859294465351581	0.999934250474592
ABCB5_mutation_status	1.829137479178292e-06	0.9989208964944757	0.001557657864291409	0.999934250474592
ABCC1_mutation_status	0.05169769136780116	0.8201350637123627	0.28606657576363276	0.999934250474592
ABCC9_mutation_status	0.01809589118915224	0.8929906306617867	0.1632830563479053	0.999934250474592
ACACA_mutation_status	0.0067637604202784194	0.9344542083892257	0.09780412642085856	0.999934250474592
ACACB_mutation_status	0.1246019780318569	0.7240958971652902	0.4657473185691661	0.999934250474592
ACAN_mutation_status	5.097624362867016	0.023958635087945428	5.383310468957798	0.40108675974970937
ACTN2_mutation_status	1.2503915981110494	0.2634776973500649	1.9242472479555084	0.999934250474592
ACVR2A_mutation_status	4.9678719295257086	0.025822399660421495	5.275233114097664	0.4101453880682988
ADAMTS10_mutation_status	0.007470997382590785	0.9311206795081534	0.10295993199593058	0.999934250474592
ADAMTS12_mutation_status	0.07230882149173529	0.7880043310540372	0.34372453579833767	0.999934250474592
ADAMTS16_mutation_status	0.03844358847716607	0.8445550904460251	0.24373656159306292	0.999934250474592
ADAMTS18_mutation_status	0.20903858734063308	0.6475219951162998	0.6269988955920152	0.999934250474592
ADAMTS19_mutation_status	0.08477567634947697	0.7709269428959731	0.37533394566224343	0.999934250474592
ADAMTS2_mutation_status	0.010132270641663544	0.9198210158847174	0.12057493438815883	0.999934250474592
ADAMTS5_mutation_status	0.000154824231365369	0.9900723073977166	0.014394202306498098	0.999934250474592
ADAMTS9_mutation_status	0.0001150174393477639	0.9914431566072637	0.012398035526206278	0.999934250474592
ADAMTSL1_mutation_status	0.907683135408763	0.34072989929753356	1.5532995443546775	0.999934250474592
ADAMTSL3_mutation_status	4.506649595219099	0.0337633145649094	4.888399648536839	0.5087006061113015
ADCY10_mutation_status	0.017419398987385433	0.8949980776498775	0.16004351124562696	0.999934250474592
ADCY1_mutation_status	0.013043960900741164	0.909071197216772	0.1375348061344557	0.999934250474592
ADCY2_mutation_status	0.17903699077552152	0.672202144871647	0.5730329488633583	0.999934250474592
ADCY5_mutation_status	0.004212517024185285	0.9482505105534721	0.07665985159720476	0.999934250474592
ADCY8_mutation_status	7.282581669081705	0.006962639908328343	7.166149872188087	0.17983504220368063
AFF2_mutation_status	0.24733476824200232	0.6189580329057769	0.6920865009102695	0.999934250474592
AFF3_mutation_status	0.002037735900695723	0.9639946917207527	0.05290289267406618	0.999934250474592
AGRN_mutation_status	0.12082632504998134	0.7281399957886783	0.45771223812707984	0.999934250474592
AHNAK2_mutation_status	3.55430346548595e-05	0.99524320164908	0.006878983361651087	0.999934250474592
AHNAK_mutation_status	1.059323646050094	0.30336949628612053	1.720852064573154	0.999934250474592
AKAP12_mutation_status	2.332605632786774	0.1266896564005573	2.980629354692665	0.999934250474592
AKAP13_mutation_status	0.0019839199885766275	0.9644729983543732	0.052187246126240025	0.999934250474592
AKAP6_mutation_status	0.06980192658207163	0.7916253931704502	0.33711020406142955	0.999934250474592
AKAP9_mutation_status	3.620378854425491	0.05707587442036937	4.130975132613105	0.7700983653136404
ALMS1_mutation_status	0.05034616965849341	0.8224620039668431	0.2819790640088424	0.999934250474592
AMBRA1_mutation_status	0.037810015988111886	0.8458251260645053	0.2415686772136675	0.999934250474592
AMY2B_mutation_status	0.06698486282814979	0.7957784926974399	0.32956118668009227	0.999934250474592
ANK1_mutation_status	0.0010925228526564067	0.9736320569019489	0.03855142522099754	0.999934250474592
ANK2_mutation_status	0.00010661296705270281	0.9917617046139688	0.011934575958819128	0.999934250474592
ANK3_mutation_status	0.11948610482596836	0.7295925199151765	0.4548371564162311	0.999934250474592
ANKRD11_mutation_status	0.2934165930530558	0.5880393701287425	0.7660153459684762	0.999934250474592
ANKRD17_mutation_status	0.01662252930656015	0.8974143135266629	0.15615390007607752	0.999934250474592
ANKRD30A_mutation_status	0.2774094228425366	0.5984042216550594	0.7408077416214811	0.999934250474592
APC_mutation_status	0.09164860938506256	0.7620916599140708	0.3919635678370119	0.999934250474592
APOB_mutation_status	0.8714852526848305	0.35054445586668304	1.5123306772096192	0.999934250474592
ARFGEF1_mutation_status	0.18956062229602866	0.6632825595652037	0.5923045029176681	0.999934250474592
ARFGEF2_mutation_status	1.6515814143684142	0.19874382875556143	2.3310180312801774	0.999934250474592
ARHGAP31_mutation_status	0.0009027913185067485	0.9760299794553003	0.03500263301391625	0.999934250474592
ARHGAP33_mutation_status	0.0413023647860492	0.8389553964506775	0.2533339839004136	0.999934250474592
ARHGAP5_mutation_status	0.20284036006280326	0.6524378916292172	0.6160875230182643	0.999934250474592
ARHGEF11_mutation_status	0.08784954260773387	0.7669290273699106	0.3828350198958707	0.999934250474592
ARHGEF17_mutation_status	0.0030549967550307696	0.9559217488487481	0.06503556995370795	0.999934250474592
ARID1A_mutation_status	0.08638095822436352	0.7688294453530502	0.3792645040263101	0.999934250474592
ARID1B_mutation_status	0.3062459183181978	0.5799930285662278	0.7858925355322846	0.999934250474592
ARID2_mutation_status	0.32343070250206735	0.5695531761096997	0.8120975500069623	0.999934250474592
AR_mutation_status	0.7417903393731051	0.3890879714982334	1.3618317142375627	0.999934250474592
ASAP1_mutation_status	0.2721275967427887	0.6019081201872123	0.7323848149901209	0.999934250474592
ASCC3_mutation_status	0.9649301343788415	0.3259478518595554	1.6172869276138115	0.999934250474592
ASH1L_mutation_status	0.0014986011847649377	0.969120188844756	0.045252497257627804	0.999934250474592
ASPM_mutation_status	0.04348381654234637	0.8348169286669509	0.2604682386921661	0.999934250474592
ASTN1_mutation_status	0.02497915284494509	0.8744190189931762	0.19360331429298958	0.999934250474592
ASTN2_mutation_status	0.12101828755533778	0.7279326881254458	0.4581230441850586	0.999934250474592
ASXL1_mutation_status	0.007452428187210599	0.9312061199885622	0.10282755506026411	0.999934250474592
ASXL3_mutation_status	0.13981160018438082	0.7084683790511159	0.4972246318699532	0.999934250474592
ATM_mutation_status	0.0027392774591621493	0.9582592898039219	0.061512015648071044	0.999934250474592
ATP10A_mutation_status	2.3929545372255547	0.12188307938044333	3.0364302395470704	0.999934250474592
ATP10D_mutation_status	0.08940127670259512	0.7649396925017368	0.3865820840210441	0.999934250474592
ATP1A3_mutation_status	0.432650333614583	0.5106913273397271	0.9694765357591151	0.999934250474592
ATP2B2_mutation_status	0.17048049445618854	0.6796851296820849	0.5570615353632098	0.999934250474592
ATP2B3_mutation_status	0.0006030204064636608	0.9804087376796838	0.02854475291947705	0.999934250474592
ATP4A_mutation_status	0.04826195724782668	0.8261156756433796	0.27558428782784966	0.999934250474592
ATRNL1_mutation_status	0.20877336093166257	0.6477305344926736	0.6265343394999071	0.999934250474592
ATR_mutation_status	0.08403807185730464	0.7718979381063129	0.37351799081618026	0.999934250474592
ATXN1_mutation_status	0.009997390763366858	0.9203546835596967	0.11973814502071678	0.999934250474592
AUTS2_mutation_status	0.3423439065844584	0.5584793891491306	0.8404240562934073	0.999934250474592
BAGE2_mutation_status	2.767127992860755	0.09621865860343076	3.377539503009629	0.999934250474592
BAI1_mutation_status	0.004051078972209371	0.9492504414883958	0.0751393300575135	0.999934250474592
BAI3_mutation_status	5.080337384073286	0.024198660729770526	5.368928985745308	0.40108675974970937
BCHE_mutation_status	0.0020515159969756763	0.9638732376666301	0.05308466981672135	0.999934250474592
BCL11A_mutation_status	0.4839930641387626	0.48661916818049233	1.0391349449885736	0.999934250474592
BCLAF1_mutation_status	0.0915530947266987	0.7622119249759745	0.391735915274254	0.999934250474592
BCORL1_mutation_status	0.003158003511960264	0.9551855748438547	0.06614704561544223	0.999934250474592
BCOR_mutation_status	0.3087969352962226	0.5784193738421921	0.7898122195036668	0.999934250474592
BDP1_mutation_status	0.030888009704922902	0.8604904703033449	0.21676887998648006	0.999934250474592
BICC1_mutation_status	0.0010729468990838041	0.9738692714149618	0.03819997159345223	0.999934250474592
BIRC6_mutation_status	0.3429140013910675	0.5581520151105992	0.8412699950940457	0.999934250474592
BNC2_mutation_status	0.9110403341707809	0.33983853807095704	1.557078629854165	0.999934250474592
BOD1L1_mutation_status	0.10252715282872166	0.7488177733024279	0.41731341697596913	0.999934250474592
BPTF_mutation_status	0.3675915608497724	0.544320009518692	0.8774730235445731	0.999934250474592
BRCA2_mutation_status	11.507272739987176	0.0006932441590519598	10.494348823700882	0.04231856239056503
BRINP1_mutation_status	0.22220796306037924	0.6373626867454016	0.649813533291327	0.999934250474592
BRINP3_mutation_status	1.3615535015218585	0.24326842760016099	2.039379001492819	0.999934250474592
BRWD1_mutation_status	0.023038534818336665	0.8793569067047876	0.1854792605476509	0.999934250474592
BSN_mutation_status	0.6415292917035779	0.42315756047781394	1.2407331516471705	0.999934250474592
BTAF1_mutation_status	0.0016675504153641876	0.9674269174420286	0.04777541536296854	0.999934250474592
BTBD11_mutation_status	0.07356162056463746	0.7862199427760607	0.34699513613779115	0.999934250474592
C11orf63_mutation_status	1.0183883756707799	0.31290159620491037	1.6762190766695544	0.999934250474592
C1orf173_mutation_status	0.16198250087495597	0.6873377969262282	0.5409087990785328	0.999934250474592
C20orf26_mutation_status	7.668777113826168	0.005618452236580995	7.475611531110173	0.1587212756834131
C2CD3_mutation_status	0.0007979671335356067	0.9774641051389432	0.0328843707680069	0.999934250474592
C3_mutation_status	0.04345632802690693	0.8348683954199385	0.2603792987844383	0.999934250474592
C5orf42_mutation_status	0.013294085333888492	0.9082073544013269	0.13890637554929067	0.999934250474592
CACNA1A_mutation_status	0.6808093901763235	0.40930815281967403	1.2887406914453068	0.999934250474592
CACNA1B_mutation_status	0.5556814660637035	0.45600549766488907	1.1328768770630024	0.999934250474592
CACNA1C_mutation_status	0.012735099353929356	0.9101495585315771	0.1358244620781323	0.999934250474592
CACNA1D_mutation_status	0.06593706832770155	0.7973469567501014	0.32672046118358755	0.999934250474592
CACNA1E_mutation_status	0.3278166619070109	0.5669475536947315	0.8187128121433521	0.999934250474592
CACNA1G_mutation_status	0.06048500879452119	0.8057310001174223	0.3116298312855188	0.999934250474592
CACNA1H_mutation_status	0.1303873580737933	0.7180307504587944	0.4778824645097383	0.999934250474592
CACNA1I_mutation_status	0.2213610476323438	0.6380048195339703	0.6483607726346847	0.999934250474592
CACNA1S_mutation_status	0.2928512832496757	0.5883991280517711	0.7651329862217401	0.999934250474592
CACNA2D1_mutation_status	3.196822413055502	0.07378149361873809	3.7605971947981707	0.952835289019132
CACNA2D3_mutation_status	0.11461569730117846	0.7349492054128557	0.4442835505591211	0.999934250474592
CAD_mutation_status	0.03605205523219902	0.8494080332297296	0.2354703419285727	0.999934250474592
CAMSAP2_mutation_status	0.026909897746126062	0.8696977925238695	0.20141392262605248	0.999934250474592
CAMTA1_mutation_status	0.017106824116177404	0.8959390144462982	0.15852756187936465	0.999934250474592
CARD11_mutation_status	0.10723323358814435	0.7433163178694533	0.4279518153374484	0.999934250474592
CASC3_mutation_status	0.03147338436574278	0.8591883978310906	0.21895358306376125	0.999934250474592
CASZ1_mutation_status	0.9953635526137838	0.3184349992210003	1.6509291835421884	0.999934250474592
CCDC108_mutation_status	0.24020070131683788	0.6240611952843722	0.6802405885490534	0.999934250474592
CCDC178_mutation_status	0.8646931955791257	0.3524286582652624	1.50459685094655	0.999934250474592
CD163L1_mutation_status	0.5211792284920818	0.4703390897474481	1.0882268557357817	0.999934250474592
CDH10_mutation_status	0.09377160574890145	0.7594360052052569	0.39699969548304137	0.999934250474592
CDH11_mutation_status	0.6609621905943491	0.4162204592261268	1.2645802127102583	0.999934250474592
CDH12_mutation_status	0.22024299675802295	0.6388548293931202	0.6464399582512353	0.999934250474592
CDH18_mutation_status	0.037398726923951194	0.8466555006342583	0.24015303043923703	0.999934250474592
CDH1_mutation_status	4.592217735040678	0.03211743138925461	4.9604996727029365	0.4921043724726469
CDH20_mutation_status	0.2734498866592026	0.6010268915685353	0.7344985524290577	0.999934250474592
CDH23_mutation_status	5.866232601672958	0.015434047566346247	6.01773973265292	0.3306248480249106
CDH2_mutation_status	0.24277427161279447	0.6222095309408164	0.6845276007933736	0.999934250474592
CDH4_mutation_status	0.04861586083635212	0.8254895229853557	0.27667819014615186	0.999934250474592
CDH6_mutation_status	1.8453302455435545	0.1743274926850841	2.5201279842151907	0.999934250474592
CDH8_mutation_status	1.7019927464383338	0.1920275754194045	2.380614596106306	0.999934250474592
CDH9_mutation_status	0.1340986902407998	0.7142196623227579	0.48556024331417297	0.999934250474592
CDHR2_mutation_status	0.09476248468925946	0.7582077673281182	0.3993348588636924	0.999934250474592
CELSR1_mutation_status	0.08582762578832917	0.7695500334424996	0.37791296631597	0.999934250474592
CELSR2_mutation_status	0.015685377970004535	0.9003325385654906	0.15147013441163074	0.999934250474592
CELSR3_mutation_status	0.21925578493846218	0.639607558858652	0.6447411062513352	0.999934250474592
CENPF_mutation_status	0.00023273009037782472	0.9878283491680309	0.01766772242808818	0.999934250474592
CFH_mutation_status	6.262106877150699	0.012334742767943767	6.341128560174909	0.28591301185182477
CHD4_mutation_status	0.045187740647145334	0.8316591884002512	0.2659356577915404	0.999934250474592
CHD5_mutation_status	0.26119444590622387	0.6093007395638792	0.7147736034005246	0.999934250474592
CHD6_mutation_status	0.007884442611717902	0.9292453210624863	0.10586857604239786	0.999934250474592
CHD7_mutation_status	0.5309854231374549	0.46619286157295603	1.1010011810515195	0.999934250474592
CHD9_mutation_status	0.05498235954933512	0.8146098932275301	0.2958187592796151	0.999934250474592
CHL1_mutation_status	0.38564835277041	0.534595728014202	0.903479785920944	0.999934250474592
CILP2_mutation_status	2.2482678796155957	0.13376405617719536	2.902237594314659	0.999934250474592
CIT_mutation_status	0.04222646432254099	0.8371886939429115	0.25637526645503106	0.999934250474592
CMYA5_mutation_status	0.5091640594908775	0.47550095239838763	1.0724798641715452	0.999934250474592
CNOT1_mutation_status	0.025079341443327043	0.8741695195029425	0.19401501970198973	0.999934250474592
CNTLN_mutation_status	0.06311054887663214	0.8016454681694449	0.3189637564611941	0.999934250474592
CNTN1_mutation_status	0.5079290076047196	0.47603674974350807	1.0708551418874293	0.999934250474592
CNTN3_mutation_status	0.03721849586431311	0.8470208715906846	0.23953057518893955	0.999934250474592
CNTN5_mutation_status	0.09166489024761344	0.762071167069822	0.3920023628059611	0.999934250474592
CNTN6_mutation_status	0.013398017164692458	0.9078508334788479	0.13947282322907759	0.999934250474592
CNTNAP2_mutation_status	1.617406936844704	0.20345373261109836	2.2972273462028294	0.999934250474592
CNTNAP4_mutation_status	1.6760449552661398	0.19545081491311	2.355122495071355	0.999934250474592
CNTNAP5_mutation_status	2.980279934495391	0.08428469369710627	3.5685855317065323	0.9895863995147577
COL11A1_mutation_status	0.7807745227887831	0.37690436783047343	1.4077295808326902	0.999934250474592
COL11A2_mutation_status	0.02643601452318916	0.8708400347901286	0.1995203613787917	0.999934250474592
COL12A1_mutation_status	1.203454676971022	0.2726322914021889	1.8749716454120315	0.999934250474592
COL14A1_mutation_status	2.6793479817198116	0.1016573428457949	3.29821366814924	0.999934250474592
COL15A1_mutation_status	1.7130275125068075	0.19059303694151022	2.39143268158626	0.999934250474592
COL17A1_mutation_status	0.19779906578145362	0.656503272665236	0.607125891924359	0.999934250474592
COL1A2_mutation_status	6.528966616735037	0.01061315984296606	6.558001937755485	0.2540615039537337
COL22A1_mutation_status	0.010039933288375569	0.9201859687574941	0.12000263687949485	0.999934250474592
COL24A1_mutation_status	0.2656971476300035	0.6062328774775975	0.7220559997963267	0.999934250474592
COL27A1_mutation_status	16.410536342009244	5.1000947153172854e-05	14.259116434401758	0.013071807504604994
COL4A1_mutation_status	0.18926130314046793	0.6635321408361934	0.5917617448880901	0.999934250474592
COL4A4_mutation_status	0.011446485876775797	0.9147983005054448	0.12847440934617688	0.999934250474592
COL5A1_mutation_status	0.20749865258248676	0.6487350385947719	0.6242987330839325	0.999934250474592
COL5A2_mutation_status	0.3687132168833096	0.5437065119608033	0.8790999875214477	0.999934250474592
COL6A2_mutation_status	0.0844379983690691	0.7713708970914331	0.3745033790657585	0.999934250474592
COL6A3_mutation_status	0.010412816658503346	0.9187223776391459	0.12229912555259442	0.999934250474592
COL6A6_mutation_status	0.016535168804024617	0.8976827542067485	0.1557224158429623	0.999934250474592
COL7A1_mutation_status	0.17403316743009745	0.6765519992922568	0.5637272719375271	0.999934250474592
CPAMD8_mutation_status	0.3264697814393256	0.5677452401136767	0.816684389231606	0.999934250474592
CPS1_mutation_status	0.12555184551254545	0.7230893705661534	0.4677541261281135	0.999934250474592
CPXM2_mutation_status	0.00040420252106321915	0.9839597802391977	0.023328748870950648	0.999934250474592
CR1_mutation_status	0.019337442471022457	0.8894034215319241	0.16909014014437226	0.999934250474592
CRB1_mutation_status	0.13510329966193435	0.7131983565866367	0.48762471630336796	0.999934250474592
CREBBP_mutation_status	11.255217283996254	0.0007939952726767249	10.29858196173556	0.04231856239056503
CSMD1_mutation_status	0.7104294385441614	0.3993012855677749	1.324450378089785	0.999934250474592
CSMD2_mutation_status	0.6244856096639917	0.42938527308686214	1.219655383916338	0.999934250474592
CSMD3_mutation_status	0.11559854042040217	0.733858144362928	0.4464268795066417	0.999934250474592
CSPG4_mutation_status	0.4765366581529925	0.4899952703960051	1.0291602709843317	0.999934250474592
CTNNA2_mutation_status	1.387430009472693	0.23883958935520638	2.065886101532014	0.999934250474592
CTNNA3_mutation_status	6.0081326996755	0.014240089017991942	6.133898024831782	0.3218260118066179
CTNNB1_mutation_status	1.3749823762709072	0.24095768366725398	2.053148288364767	0.999934250474592
CTNND1_mutation_status	0.056862564212005154	0.811525323634815	0.30129198013588626	0.999934250474592
CTNND2_mutation_status	0.05965667847738823	0.807039399185917	0.30928898814683115	0.999934250474592
CTTNBP2_mutation_status	1.2595968213537678	0.26172742059735726	1.9338630146455882	0.999934250474592
CUBN_mutation_status	0.38349559410132944	0.5357383653471341	0.9003994807148978	0.999934250474592
CUL7_mutation_status	0.035830002459528755	0.8498669849997353	0.23469103610509925	0.999934250474592
CUL9_mutation_status	8.851761154212529	0.002928062278538631	8.415838045253484	0.09803586295551564
CUX1_mutation_status	0.059598983279825914	0.8071308899425826	0.30912544497922495	0.999934250474592
CUX2_mutation_status	0.0718084379827337	0.7887216683458753	0.34241181687903843	0.999934250474592
DCAF12L1_mutation_status	1.8333223817330442	0.17573562586934852	2.5085214046512103	0.999934250474592
DCAF12L2_mutation_status	0.48725580579659317	0.48515398696779255	1.0434853661956824	0.999934250474592
DCC_mutation_status	0.0394007782485117	0.8426567849786606	0.24698295533810866	0.999934250474592
DCDC1_mutation_status	0.004974102006079261	0.9437739613247269	0.08348672674583733	0.999934250474592
DCHS1_mutation_status	0.04700545698022364	0.8283584298672972	0.2716729393602145	0.999934250474592
DCHS2_mutation_status	0.00039796358968546684	0.9840840367940257	0.023146573744426618	0.999934250474592
DCLK1_mutation_status	0.1179901896839519	0.7312245966114708	0.45161349493371616	0.999934250474592
DCSTAMP_mutation_status	0.35127575331945327	0.5533918440066682	0.8536267134943234	0.999934250474592
DENND3_mutation_status	0.01754092819757759	0.8946345621868917	0.16062960020184588	0.999934250474592
DIDO1_mutation_status	0.2249924001833948	0.6352620077353051	0.6545763545001902	0.999934250474592
DIP2C_mutation_status	0.033177486662946405	0.8554674574711998	0.22521512017020803	0.999934250474592
DISP1_mutation_status	0.1754632570436641	0.6753013893425959	0.5663965692183383	0.999934250474592
DLC1_mutation_status	2.773035576530931	0.09586420583865113	3.3828639532451583	0.999934250474592
DLG2_mutation_status	0.21497228438698976	0.6428977820632094	0.6373387213051573	0.999934250474592
DLGAP2_mutation_status	0.04824307462776116	0.8261491517113267	0.275525827759678	0.999934250474592
DLGAP4_mutation_status	0.0011445686785382058	0.9730115371457495	0.03947118352508675	0.999934250474592
DMBT1_mutation_status	0.6191929977595652	0.4313473311678496	1.2130780651246666	0.999934250474592
DMD_mutation_status	0.1690943500775809	0.6809179447158134	0.5544471408264251	0.999934250474592
DMXL1_mutation_status	0.12240715942643254	0.726438254623113	0.4610879171733613	0.999934250474592
DMXL2_mutation_status	0.46405268224677293	0.49573601248960575	1.0123560284273274	0.999934250474592
DNAH10_mutation_status	5.833185141558912	0.015726624408264552	5.990647148523152	0.3306248480249106
DNAH11_mutation_status	0.043892326644639545	0.8340540667992059	0.2617871867871655	0.999934250474592
DNAH17_mutation_status	1.7506099534133395e-05	0.9966616375171125	0.004824296111248156	0.999934250474592
DNAH1_mutation_status	2.237776714484745	0.1346744978517787	2.892451408942574	0.999934250474592
DNAH2_mutation_status	0.07588965214470841	0.7829469012836938	0.3530136262628492	0.999934250474592
DNAH3_mutation_status	0.01181634793298223	0.913438041419174	0.13062122084445627	0.999934250474592
DNAH5_mutation_status	0.04285755673046653	0.8359937178710207	0.2584359937658664	0.999934250474592
DNAH7_mutation_status	0.10202561503850664	0.7494122260800953	0.41616858057602985	0.999934250474592
DNAH8_mutation_status	2.922361764132217	0.08735991371945769	3.5168847583861442	0.9895863995147577
DNAH9_mutation_status	0.011442205884109293	0.9148141703435738	0.12844938182025664	0.999934250474592
DOCK10_mutation_status	0.03468130376885357	0.8522650496952824	0.23062592451269723	0.999934250474592
DOCK2_mutation_status	0.21126064472765033	0.6457811129384279	0.6308828475999563	0.999934250474592
DOCK3_mutation_status	0.06320548086861048	0.801499454381611	0.31922655661759763	0.999934250474592
DOCK4_mutation_status	0.5646281496722576	0.4524014779565648	1.1443244523918044	0.999934250474592
DOPEY2_mutation_status	0.11868242341015942	0.7304679241714023	0.45310717114653976	0.999934250474592
DOT1L_mutation_status	0.37535757463209396	0.540098316250313	0.8887060441740373	0.999934250474592
DPP6_mutation_status	0.004236130367185351	0.9481058759957907	0.07687991947156932	0.999934250474592
DPYD_mutation_status	0.02203837790703681	0.8819850503270283	0.1811738926213983	0.999934250474592
DSCAML1_mutation_status	0.6918118889702616	0.40554877305490133	1.3020526652460795	0.999934250474592
DSCAM_mutation_status	0.5174108713575661	0.47194822507068346	1.0832994970181204	0.999934250474592
DSEL_mutation_status	0.01271072120695136	0.9102352336730051	0.1356886632049642	0.999934250474592
DSP_mutation_status	0.04752306513850296	0.8274307820676572	0.2732894651964822	0.999934250474592
DST_mutation_status	0.07658956987075563	0.7819734533994828	0.35480846344040823	0.999934250474592
DUOX1_mutation_status	0.012167368116737694	0.9121668626227595	0.13263033424900222	0.999934250474592
DUOX2_mutation_status	0.2345312385673236	0.6281841493086494	0.6707405543207722	0.999934250474592
DYNC1H1_mutation_status	0.42306467446141294	0.5154117791253352	0.9562025862278188	0.999934250474592
DYNC2H1_mutation_status	8.001927819224804e-05	0.9928627389065326	0.010333812769709573	0.999934250474592
DYSF_mutation_status	0.009578368106270168	0.9220362068861199	0.11710469079518335	0.999934250474592
EBF3_mutation_status	0.03104399980651411	0.8601422607454327	0.21735280495801304	0.999934250474592
EDNRB_mutation_status	0.09193863167492437	0.7617269037785162	0.3926542430794423	0.999934250474592
ELFN2_mutation_status	0.0029837882272948733	0.956437968102275	0.06425669245638116	0.999934250474592
ELMO1_mutation_status	0.33416978507985157	0.5632140222718903	0.828244841859798	0.999934250474592
EP300_mutation_status	0.20633179645526672	0.6496578237103054	0.6222480475436946	0.999934250474592
EP400_mutation_status	0.005136021709482934	0.9428676804639282	0.08487277375671111	0.999934250474592
EPB41L3_mutation_status	0.5234665971845337	0.46936666479397204	1.0912127120041004	0.999934250474592
EPG5_mutation_status	0.43231569699971406	0.5108548532267025	0.9690146516217172	0.999934250474592
EPHA2_mutation_status	3.3601497379989883e-06	0.9985374216720508	0.002111599066852051	0.999934250474592
EPHA3_mutation_status	0.5856706115497299	0.4440981666005098	1.1710494795422832	0.999934250474592
EPHA4_mutation_status	0.0012591292680851588	0.971693635819153	0.04142657504228112	0.999934250474592
EPHA5_mutation_status	0.10963286876661701	0.7405624971562932	0.4333066030831699	0.999934250474592
EPHA6_mutation_status	0.09030632442581776	0.7637880881997177	0.388755674572394	0.999934250474592
EPHB1_mutation_status	0.08063407439991821	0.7764399649145192	0.3650537165316953	0.999934250474592
EPPK1_mutation_status	0.0009860725239603295	0.9749491122620655	0.03660117592572698	0.999934250474592
ERBB2_mutation_status	0.6157569941574061	0.4326283975755687	1.2087997284852514	0.999934250474592
ERBB3_mutation_status	0.042796180857545586	0.8361095288888694	0.2582361496692516	0.999934250474592
ERBB4_mutation_status	1.7146130588152109	0.19038794195379394	2.3929859851193167	0.999934250474592
ERC2_mutation_status	0.2523828002677784	0.6154022495847736	0.7003983774770923	0.999934250474592
ESPL1_mutation_status	0.09669867478459673	0.7558279095317066	0.4038703026726971	0.999934250474592
EVC2_mutation_status	0.0501199948149063	0.8228546052913897	0.28129055944803916	0.999934250474592
EVC_mutation_status	0.06655129290381545	0.7964259138316478	0.32838793115167436	0.999934250474592
EVPL_mutation_status	0.8923426739725514	0.34484325413216965	1.5359873500189323	0.999934250474592
F5_mutation_status	0.11402639899950176	0.7356058918489337	0.44299505979874454	0.999934250474592
F8_mutation_status	0.007314061738616603	0.9318461771484072	0.10183627067373081	0.999934250474592
FAM135B_mutation_status	2.0267952173707044	0.15454619749466125	2.6938899367965803	0.999934250474592
FAM179B_mutation_status	0.0038954079272387914	0.9502337808672893	0.07364559933263824	0.999934250474592
FAM47C_mutation_status	0.09366581638470421	0.759567554395222	0.39674981408774024	0.999934250474592
FANCM_mutation_status	0.006081750828796096	0.937839522830839	0.09258701588133854	0.999934250474592
FASN_mutation_status	0.02696126466223233	0.8695746008244308	0.2016182932063431	0.999934250474592
FAT1_mutation_status	0.3600883761063998	0.5484571577747516	0.8665491646506746	0.999934250474592
FAT2_mutation_status	2.4261057312250556e-08	0.9998757218094008	0.00017930667145331486	0.999934250474592
FAT3_mutation_status	1.088355648593002	0.2968358313232852	1.7522628433858853	0.999934250474592
FAT4_mutation_status	0.4852728213826989	0.4860436028545453	1.0408423514260332	0.999934250474592
FBN1_mutation_status	0.00034882004302662844	0.9850989960685964	0.0216593815257682	0.999934250474592
FBN2_mutation_status	0.045742458072246965	0.8306446411828786	0.26769668654566137	0.999934250474592
FBN3_mutation_status	0.02679779368545426	0.8699670682262972	0.20096730473729502	0.999934250474592
FBXL7_mutation_status	0.06444093237682064	0.79960975493786	0.3226320223613133	0.999934250474592
FBXW7_mutation_status	0.25298870296519366	0.6149784576825995	0.7013922202709574	0.999934250474592
FCGBP_mutation_status	3.5702388143467925	0.05882385091110738	4.087454956238263	0.7820111944653099
FCRL3_mutation_status	0.002441297337775148	0.9605929684120325	0.05800284687233104	0.999934250474592
FER1L6_mutation_status	0.6322535291454907	0.4265299075978567	1.2292811903183365	0.999934250474592
FHOD3_mutation_status	0.11562147604459355	0.7338327452516995	0.4464768125982419	0.999934250474592
FIGN_mutation_status	14.690329396722015	0.00012669472981894752	12.946355866295708	0.020784221995674652
FILIP1_mutation_status	0.014861081858646749	0.902973434451285	0.14724455075726522	0.999934250474592
FLG2_mutation_status	0.04341663122833922	0.8349427497284999	0.26025081647958265	0.999934250474592
FLG_mutation_status	0.9658903257140081	0.32570726286428225	1.6183522045012355	0.999934250474592
FLNA_mutation_status	0.012258721251396425	0.9118390918058228	0.1331488340226291	0.999934250474592
FLNB_mutation_status	0.0028449498623707254	0.9574625467568285	0.06271204092025989	0.999934250474592
FLNC_mutation_status	0.09893301794952018	0.7531138306996277	0.4090601548582279	0.999934250474592
FLRT2_mutation_status	1.4213611002498034	0.2331795025384967	2.100487119752714	0.999934250474592
FLT4_mutation_status	0.13515930917782332	0.7131415432216384	0.48773964593548946	0.999934250474592
FMN2_mutation_status	0.10402823190724345	0.7470481249188633	0.42072691031273113	0.999934250474592
FN1_mutation_status	6.787797941323962	0.009178305692342455	6.767556426758916	0.230477454052155
FRAS1_mutation_status	0.02190907404836129	0.8823292406389112	0.18061099783001408	0.999934250474592
FREM1_mutation_status	0.13074485529258154	0.7176609941884149	0.4786255844049351	0.999934250474592
FREM2_mutation_status	0.8262237332772472	0.36336675371690796	1.4605016688264099	0.999934250474592
FRYL_mutation_status	0.0009607776228012007	0.9752724002605282	0.036122865135451675	0.999934250474592
FRY_mutation_status	5.910551469546761	0.015050459618301423	6.054048644389801	0.3306248480249106
FSIP2_mutation_status	1.3961332343962901e-05	0.9970187219425484	0.004307499190598872	0.999934250474592
FSTL5_mutation_status	0.07636534764583622	0.7822847792999661	0.35423419976799286	0.999934250474592
GABBR2_mutation_status	0.39966929918656036	0.5272600939443104	0.9234132854392717	0.999934250474592
GCN1L1_mutation_status	8.461515082139314	0.0036273957456949267	8.10685013400351	0.11373625290061794
GLI2_mutation_status	0.014798022962906318	0.9031784904397455	0.14691696673196733	0.999934250474592
GLI3_mutation_status	0.0010375458378740182	0.9743038172146701	0.037556376746224224	0.999934250474592
GNAS_mutation_status	11.926987901895851	0.000553265581805958	10.819740201841956	0.04231856239056503
GOLGA3_mutation_status	0.03749992419311106	0.846450750147704	0.24050196602774496	0.999934250474592
GOLGB1_mutation_status	0.003897783348515914	0.9502186291482656	0.07366860365495818	0.999934250474592
GPATCH8_mutation_status	0.007464175674398318	0.9311520550704355	0.10291131895738538	0.999934250474592
GPR112_mutation_status	0.173141254812014	0.6773350320490203	0.5620584804137972	0.999934250474592
GPR158_mutation_status	0.05734869300573031	0.8107366040131739	0.3026948139903417	0.999934250474592
GPR179_mutation_status	13.114039523880507	0.00029309103313282135	11.736363548856348	0.03311928674400881
GPR98_mutation_status	0.6616598525204361	0.41597456384659426	1.265432782228503	0.999934250474592
GREB1_mutation_status	0.02883936776297595	0.8651504579927966	0.20897704176328458	0.999934250474592
GRIA2_mutation_status	0.01489381699206475	0.9028671598683969	0.1474143573441416	0.999934250474592
GRIA4_mutation_status	0.006239754477593679	0.9370388935493884	0.0938191640079139	0.999934250474592
GRID1_mutation_status	0.03817230974076373	0.8450975453024324	0.24281022094579044	0.999934250474592
GRID2_mutation_status	1.4527157392296601	0.22809268861200652	2.132307892306822	0.999934250474592
GRIN2A_mutation_status	0.27663605674135566	0.5989145890152405	0.7395778194026071	0.999934250474592
GRIN2B_mutation_status	0.050270762688279395	0.8225927946192195	0.2817496600690613	0.999934250474592
GRIP1_mutation_status	1.114037750838112	0.29120591232618953	1.779888448151974	0.999934250474592
GRM1_mutation_status	0.3675449594388644	0.5443455261710552	0.8774053944213493	0.999934250474592
GRM2_mutation_status	0.08836806646679211	0.7662621636801322	0.3840900244960511	0.999934250474592
GRM3_mutation_status	0.05251945378917783	0.8187358307811065	0.28853006072544257	0.999934250474592
GRM4_mutation_status	0.13137083168828798	0.7170149265264842	0.4799249422062249	0.999934250474592
GRM5_mutation_status	0.08817184711948055	0.7665142666310436	0.38361545080981674	0.999934250474592
GRM7_mutation_status	0.38916212652898635	0.5327401526513199	0.9084960738946943	0.999934250474592
GRM8_mutation_status	0.13801474843476663	0.7102626518697952	0.4935754695957524	0.999934250474592
GTF3C1_mutation_status	0.19197715210481472	0.661276120416638	0.5966752900595126	0.999934250474592
HCN1_mutation_status	0.5541692007347441	0.4566191472271257	1.1309367381051945	0.999934250474592
HDLBP_mutation_status	0.0018335516700226553	0.9658450277106435	0.050136371343063285	0.999934250474592
HEATR1_mutation_status	0.2551326743045469	0.6134839681445066	0.7049024517010958	0.999934250474592
HECTD1_mutation_status	9.176844027961629	0.0024509629365757368	8.672435616704856	0.09231960394435275
HECTD4_mutation_status	0.10031721926119688	0.7514492901492504	0.4122523444631205	0.999934250474592
HECW1_mutation_status	0.0077192203947421476	0.9299886691019171	0.1047149562258954	0.999934250474592
HELZ2_mutation_status	0.4323239009764583	0.5108508431297553	0.9690259765012789	0.999934250474592
HERC1_mutation_status	0.06487073600520413	0.7989568693617857	0.32381047163070864	0.999934250474592
HERC2_mutation_status	1.2150004886127408	0.27034404432673786	1.887131520656919	0.999934250474592
HIVEP1_mutation_status	0.014813691792207382	0.9031274969424117	0.14699842365704488	0.999934250474592
HIVEP2_mutation_status	0.0009627050667658889	0.9752476172592912	0.036159526449012894	0.999934250474592
HIVEP3_mutation_status	0.005476324191567779	0.9410086423139161	0.0877201220226324	0.999934250474592
HMCN1_mutation_status	1.3987779796156659	0.2369282838432327	2.077477661084733	0.999934250474592
HRNR_mutation_status	0.18225857638182238	0.6694393977271602	0.5789746361350635	0.999934250474592
HSPG2_mutation_status	1.2174501222698302	0.2698616476069793	1.8897081374927602	0.999934250474592
HTR1A_mutation_status	0.00830765671113354	0.9273763056899933	0.10877322832182232	0.999934250474592
HTT_mutation_status	0.09621923326784673	0.7564147620769069	0.4027505759051754	0.999934250474592
HUWE1_mutation_status	0.31378136353481834	0.5753690064022933	0.7974405858609265	0.999934250474592
HYDIN_mutation_status	0.9799204395459649	0.3222184491454395	1.633888994608758	0.999934250474592
IGF1R_mutation_status	0.16841389522495626	0.6815252931849125	0.5531608946796113	0.999934250474592
IGF2R_mutation_status	0.026545819030557062	0.8705744338870337	0.19996044168777521	0.999934250474592
IGSF10_mutation_status	0.05364520525926995	0.8168375640061016	0.2918788817578375	0.999934250474592
IGSF1_mutation_status	0.09627592052997103	0.756345291524103	0.40288308181296945	0.999934250474592
IGSF9B_mutation_status	0.3675354845855812	0.5443507144077107	0.8773916439498868	0.999934250474592
IMPG2_mutation_status	0.0033575013409533516	0.9537932748767463	0.06825148445135167	0.999934250474592
INADL_mutation_status	0.19684727386140116	0.6572777615999561	0.6054249212973862	0.999934250474592
IRS1_mutation_status	0.0002068390827706145	0.9885252986304769	0.016650206584179216	0.999934250474592
IRS4_mutation_status	0.2735000292442335	0.6009935279097225	0.7345786402284785	0.999934250474592
ITGAX_mutation_status	0.3202386947485213	0.5714642334643114	0.8072648883433196	0.999934250474592
ITGB4_mutation_status	0.06564056867721405	0.7977932010028483	0.3259132664250217	0.999934250474592
ITIH5_mutation_status	0.3121857243218911	0.576342024547772	0.7950028757940083	0.999934250474592
ITPR1_mutation_status	0.07424013474047372	0.7852603255747606	0.34875708654522447	0.999934250474592
ITPR2_mutation_status	0.04658714883785694	0.8291120283984462	0.2703610451623961	0.999934250474592
ITPR3_mutation_status	1.2787903386716675e-07	0.9997146750660022	0.00041169560362448244	0.999934250474592
JAKMIP1_mutation_status	0.0947514438581213	0.7582214141037388	0.39930889242127166	0.999934250474592
JARID2_mutation_status	0.15190162964112494	0.6967246766245427	0.5213394332556145	0.999934250474592
JMJD1C_mutation_status	0.13717501105526703	0.7111057431962162	0.49186398674230813	0.999934250474592
KALRN_mutation_status	0.00496427379110757	0.943829444717672	0.08340191484560398	0.999934250474592
KAT6A_mutation_status	0.6346232992800503	0.4256645114040507	1.2322112804445595	0.999934250474592
KCNA1_mutation_status	0.5725919927586602	0.44923076201085266	1.154471372222408	0.999934250474592
KCNA3_mutation_status	0.0007517537460660108	0.978126239586313	0.0319074196159394	0.999934250474592
KCNB2_mutation_status	1.5759096008608138	0.20935086767651892	2.2560051973965995	0.999934250474592
KCND2_mutation_status	0.1977056217765652	0.6565792106936217	0.6069590243916982	0.999934250474592
KCNG1_mutation_status	2.254635892815402	0.13321478529706704	2.908173881164493	0.999934250474592
KCNH1_mutation_status	0.0829152235914705	0.7733849844808276	0.37074134058474456	0.999934250474592
KCNH5_mutation_status	0.3377429340835836	0.5611349494566189	0.8335803231638421	0.999934250474592
KCNH8_mutation_status	0.527641608539923	0.4676000672454482	1.0966529575441666	0.999934250474592
KCNK9_mutation_status	0.0004787862431249596	0.9825427336304232	0.025407939163987925	0.999934250474592
KCNMA1_mutation_status	11.144908608330438	0.0008426262422900116	10.212819532445726	0.04231856239056503
KCNQ3_mutation_status	0.11941473872955617	0.7296701213658701	0.4546837155961624	0.999934250474592
KCNQ5_mutation_status	0.3055369183526147	0.5804319120583241	0.7848012541480275	0.999934250474592
KCNT2_mutation_status	0.42117148177271607	0.5163530757434572	0.9535701950713886	0.999934250474592
KCNU1_mutation_status	8.450904814878465	0.0036486187324313276	8.09843388231981	0.11373625290061794
KDM5B_mutation_status	0.0024256460538100467	0.9607193893557284	0.057812990321353765	0.999934250474592
KIAA0100_mutation_status	0.001024243113046345	0.974469021752716	0.03731177176859283	0.999934250474592
KIAA0947_mutation_status	0.01031104184857453	0.9191191864515099	0.12167614027915209	0.999934250474592
KIAA1109_mutation_status	0.008768210210552732	0.9253961492276346	0.11185699933595171	0.999934250474592
KIAA1217_mutation_status	0.023406457052509322	0.8784048289653741	0.18704210941350366	0.999934250474592
KIAA1429_mutation_status	0.13681271927246016	0.7114703881891212	0.4911243826917912	0.999934250474592
KIAA1462_mutation_status	0.10962056850049466	0.7405765272711631	0.43327927117601917	0.999934250474592
KIAA1549L_mutation_status	1.3051084996066542	0.25328220155444714	1.9811823941942954	0.999934250474592
KIAA1549_mutation_status	0.00021293807147869053	0.9883573643418717	0.01689531770836138	0.999934250474592
KIAA2018_mutation_status	0.012442064067611808	0.911184975849795	0.1341841356438953	0.999934250474592
KIAA2022_mutation_status	0.0074847851652791435	0.9310573084198788	0.10305812363541667	0.999934250474592
KIF16B_mutation_status	0.007180150642399959	0.9324714582256193	0.10086852791792121	0.999934250474592
KIF1B_mutation_status	0.024165298610674246	0.8764650574415221	0.19023151954511658	0.999934250474592
KIF21A_mutation_status	0.005826978031963642	0.9391528634936757	0.09056809413792383	0.999934250474592
KIF21B_mutation_status	0.003934931038293604	0.9499822813687347	0.07402748967519472	0.999934250474592
KIF26B_mutation_status	0.21051868786980246	0.6463611652398793	0.6295875743949767	0.999934250474592
KIF2B_mutation_status	0.07624495858251752	0.7824521389462513	0.3539255869528342	0.999934250474592
KIF6_mutation_status	8.919647054341711	0.002821190281243717	8.469480309788317	0.09803586295551564
KLF3_mutation_status	0.0514283543730643	0.8205962118998974	0.2852556005226791	0.999934250474592
KMT2A_mutation_status	0.7814573858211704	0.3766957897062404	1.4085281863800572	0.999934250474592
KMT2B_mutation_status	3.9223212027253322	0.04764904678079851	4.391408836465746	0.6626882813821824
KMT2C_mutation_status	0.648009163822323	0.42082535591385417	1.248706461195591	0.999934250474592
KMT2D_mutation_status	1.8228416725946737	0.17697539669756746	2.498379285593636	0.999934250474592
KMT2E_mutation_status	0.0006561631023752534	0.979563878711808	0.02978851919305088	0.999934250474592
KRAS_mutation_status	0.1806365358940918	0.6708267814218769	0.5759878081120285	0.999934250474592
KSR2_mutation_status	0.006916344021145865	0.9337206922005491	0.09893703985617171	0.999934250474592
L1CAM_mutation_status	0.35484975877236674	0.5513805549270403	0.858879704951281	0.999934250474592
LAMA1_mutation_status	1.1197510970175024	0.2899720554990775	1.7860142199417333	0.999934250474592
LAMA2_mutation_status	0.12856788864270882	0.7199215465131976	0.4740883975313945	0.999934250474592
LAMA3_mutation_status	0.14909553413433294	0.699401200894915	0.5158078216946683	0.999934250474592
LAMA4_mutation_status	0.2477996537108429	0.6186286879659695	0.6928543571172007	0.999934250474592
LAMA5_mutation_status	0.03632244936867071	0.8488511394774259	0.23641652010497896	0.999934250474592
LAMB2_mutation_status	0.6036601478279161	0.4371849117077893	1.1936844838591847	0.999934250474592
LAMB3_mutation_status	0.1980128017840138	0.6563296591097538	0.6075074658640783	0.999934250474592
LAMC3_mutation_status	0.4649719362727068	0.49530945310617736	1.0135979394525672	0.999934250474592
LCT_mutation_status	0.032084276031004	0.8578428171275879	0.2212147685198503	0.999934250474592
LPA_mutation_status	0.1441589669452955	0.7041809496525591	0.5059818966745884	0.999934250474592
LPHN2_mutation_status	0.008794854411872085	0.9252832162287925	0.11203307292344128	0.999934250474592
LPHN3_mutation_status	4.014499636620081	0.045110607027033685	4.470389490084142	0.6473014087688643
LRBA_mutation_status	0.7782991999943145	0.37766181009711564	1.4048331918853862	0.999934250474592
LRP12_mutation_status	5.213011621287586	0.02241846916798414	5.47916842185261	0.40108675974970937
LRP1B_mutation_status	0.0003442362045972913	0.9851972154628034	0.021515544642532525	0.999934250474592
LRP1_mutation_status	7.70502831251568e-06	0.9977852402450254	0.0031987664738769624	0.999934250474592
LRP2_mutation_status	0.05452661859871332	0.815365906541026	0.2944804612059939	0.999934250474592
LRP4_mutation_status	0.012988940692494958	0.9092623408176946	0.1372314933258908	0.999934250474592
LRP5_mutation_status	11.369587952872404	0.0007465643792053519	10.387445704513818	0.04231856239056503
LRRC4B_mutation_status	0.6795163554302721	0.4097533151300725	1.2871724733176788	0.999934250474592
LRRC7_mutation_status	0.0019066680286224339	0.9651711117428907	0.05114335957507346	0.999934250474592
LRRIQ1_mutation_status	0.01500942732227754	0.9024927763970475	0.14801271025360774	0.999934250474592
LRRK1_mutation_status	0.052649092429572254	0.8185161469206814	0.2889172177693393	0.999934250474592
LRRK2_mutation_status	2.1961377680844483	0.1383570143261183	2.8535323083519613	0.999934250474592
LRRN3_mutation_status	0.09805161963763434	0.7541804143586063	0.40701840990050064	0.999934250474592
LRRTM1_mutation_status	0.604021661374598	0.4370476810964181	1.1941374112053829	0.999934250474592
LTBP1_mutation_status	0.1692723128545274	0.6807593375602474	0.5547832289154279	0.999934250474592
LYST_mutation_status	0.5524658633399778	0.45731189054433996	1.1287496638108545	0.999934250474592
MACF1_mutation_status	0.08809615782743258	0.7666115939404143	0.3834322778161677	0.999934250474592
MAGEC1_mutation_status	0.014363237889602677	0.9046045661539067	0.1446408166375041	0.999934250474592
MAGEE1_mutation_status	0.004954712810271849	0.9438834724786496	0.08331933281510154	0.999934250474592
MAGI1_mutation_status	1.1667667361922032	0.28006658647970833	1.8361582228476814	0.999934250474592
MAGI2_mutation_status	4.255130408841518	0.039131943487099245	4.675509426339693	0.5799225723334053
MALAT1_mutation_status	0.09977118838454625	0.7521043898650959	0.4109951772815218	0.999934250474592
MAP1A_mutation_status	0.2960612908486829	0.5863622392695795	0.7701358955298947	0.999934250474592
MAP1B_mutation_status	0.13672090326205752	0.711562887733582	0.49093682750734974	0.999934250474592
MAP2K7_mutation_status	5.478852704880854	0.019247888181748316	5.699156023284099	0.3806293945386992
MAP2_mutation_status	0.0003733984419128863	0.9845830208383618	0.022415234416253874	0.999934250474592
MAP7D3_mutation_status	0.0035990601486989436	0.9521618729691812	0.07072123408758346	0.999934250474592
MAST4_mutation_status	0.13234048140304094	0.7160175841604903	0.4819330768536537	0.999934250474592
MCF2L_mutation_status	0.11730980234723573	0.7319707419823842	0.45014211200716636	0.999934250474592
MDC1_mutation_status	0.16681225033719121	0.6829605414373792	0.5501258667630257	0.999934250474592
MDN1_mutation_status	0.7808178219393315	0.3768911374336641	1.4077802243500221	0.999934250474592
MED12L_mutation_status	0.007102403817006155	0.9328371841039922	0.10030279750115166	0.999934250474592
MEGF8_mutation_status	0.0002765363010104816	0.9867322854222673	0.019269380908686823	0.999934250474592
MGA_mutation_status	10.568851460891498	0.0011500916094433194	9.764035502426594	0.05472014815456635
MICAL2_mutation_status	0.17310795521553138	0.6773643123885984	0.5619961158738205	0.999934250474592
MICAL3_mutation_status	0.0013751397761155046	0.970418924710018	0.04332040931035954	0.999934250474592
MKI67_mutation_status	0.8624185418148003	0.353062763799192	1.5020034213825881	0.999934250474592
MKRN3_mutation_status	0.021078112318491837	0.8845663637458598	0.17695771109491107	0.999934250474592
MLLT4_mutation_status	0.6647148302757971	0.4149003489757064	1.2691632242159787	0.999934250474592
MMP16_mutation_status	0.2576362226438252	0.6117487719927401	0.7089887946051937	0.999934250474592
MPDZ_mutation_status	0.03845865756193567	0.8445250163297571	0.24378793604028953	0.999934250474592
MROH2B_mutation_status	0.06693582243318304	0.7958516091219133	0.3294286374113282	0.999934250474592
MSR1_mutation_status	0.008379481962948708	0.9270639132525509	0.10925929092979306	0.999934250474592
MTUS1_mutation_status	1.8537916967182175	0.17334304081417962	2.528298176918327	0.999934250474592
MTUS2_mutation_status	0.00957891833541724	0.9220339747448165	0.11710818339456593	0.999934250474592
MUC16_mutation_status	0.8076812790111351	0.368806670426322	1.4390633455627686	0.999934250474592
MUC17_mutation_status	0.010375337559767158	0.9188682756497121	0.12207003608004517	0.999934250474592
MUC2_mutation_status	0.7350047018347936	0.39126576422437565	1.3537792150206027	0.999934250474592
MUC4_mutation_status	0.06353092361376478	0.8009997776680008	0.3201262526994658	0.999934250474592
MUC5B_mutation_status	0.08727739727946034	0.7676673418552457	0.38144682069228275	0.999934250474592
MUC6_mutation_status	0.2200029587921767	0.6390376639297553	0.6460271309085837	0.999934250474592
MXRA5_mutation_status	0.1146200379270216	0.7349443754109547	0.4442930318166502	0.999934250474592
MYCBP2_mutation_status	0.09230631873807202	0.761265371898342	0.39352863986497594	0.999934250474592
MYH10_mutation_status	0.000743853799089537	0.9782414467668227	0.0317375038793959	0.999934250474592
MYH11_mutation_status	0.03500767423801999	0.8515795792953158	0.23178674021529672	0.999934250474592
MYH13_mutation_status	0.04156909312337143	0.8384433673365184	0.25421475465413007	0.999934250474592
MYH2_mutation_status	0.09727854795260737	0.7551202531667374	0.405221682459572	0.999934250474592
MYH3_mutation_status	6.517871134527855	0.010679576493630402	6.549001752735558	0.2540615039537337
MYH4_mutation_status	0.8049193023204276	0.3696266368377723	1.4358593677625726	0.999934250474592
MYH6_mutation_status	1.404796962095126	0.2359220511488955	2.0836178242694636	0.999934250474592
MYH7B_mutation_status	0.04915716816749663	0.8245364073686053	0.27834489768246334	0.999934250474592
MYH7_mutation_status	2.9848352252274726	0.08404784129879514	3.5726454242992123	0.9895863995147577
MYH8_mutation_status	0.1723174210729019	0.6780604014541145	0.560514300881268	0.999934250474592
MYH9_mutation_status	0.010974514854267921	0.9165667913406712	0.12568807934319762	0.999934250474592
MYLK_mutation_status	0.004337704146840375	0.9474882922210359	0.07781997836775692	0.999934250474592
MYO10_mutation_status	0.002683898710735646	0.9586829895474009	0.06087426089115243	0.999934250474592
MYO15A_mutation_status	0.23092277802443426	0.6308404450959365	0.6646529362351598	0.999934250474592
MYO16_mutation_status	0.0736219212913485	0.7861344680447185	0.3471519887790296	0.999934250474592
MYO18B_mutation_status	0.15962014592400153	0.6895064801179149	0.5363639843518064	0.999934250474592
MYO3A_mutation_status	1.1956793458498514	0.2741869510798784	1.8667681819041009	0.999934250474592
MYO5A_mutation_status	0.04153102535256522	0.8385163398354852	0.2540891975975151	0.999934250474592
MYO7B_mutation_status	0.31055452226328983	0.5773401075421103	0.7925066427233683	0.999934250474592
MYOM2_mutation_status	0.27153513382230293	0.6023038457491212	0.7314366242356369	0.999934250474592
MYOM3_mutation_status	0.08929008800687749	0.7650816089620958	0.38631445091819555	0.999934250474592
MYT1L_mutation_status	0.020944294306163912	0.884930813122282	0.1763634300501856	0.999934250474592
NALCN_mutation_status	0.020254325658187973	0.8868290720097023	0.1732720295121523	0.999934250474592
NAV1_mutation_status	0.10766170753141663	0.7428221156466184	0.42891132638471313	0.999934250474592
NAV2_mutation_status	0.14859494482822183	0.6998817115205342	0.5148169851486438	0.999934250474592
NAV3_mutation_status	0.7699894175507521	0.38022032610978407	1.3950924361414299	0.999934250474592
NBAS_mutation_status	0.01075111709615899	0.9174172723422275	0.1243500253921664	0.999934250474592
NBEAL2_mutation_status	0.30659333687909857	0.5797782125603188	0.7864269753924618	0.999934250474592
NBEA_mutation_status	2.59517051685364	0.10718990269064113	3.221759084840183	0.999934250474592
NCAM2_mutation_status	0.0093256907412765	0.9230681865789088	0.11549087192877622	0.999934250474592
NCAN_mutation_status	0.004987850299456479	0.943696440189464	0.08360523388362459	0.999934250474592
NCKAP5_mutation_status	0.1833846504410535	0.6684805169207451	0.5810425817660847	0.999934250474592
NCOA2_mutation_status	0.018549638283028358	0.8916655018159022	0.16542549390888817	0.999934250474592
NCOA6_mutation_status	0.0022689044648649616	0.9620087168167696	0.0558781284893933	0.999934250474592
NCOR1_mutation_status	0.04912835225772637	0.8245870063085583	0.278256367207228	0.999934250474592
NCOR2_mutation_status	0.02586364531312717	0.8722337696050015	0.19721324767061388	0.999934250474592
NEBL_mutation_status	8.290964751249213	0.003984281583823759	7.971464673091793	0.12005968505922261
NEB_mutation_status	0.19173563149551154	0.6614759754376283	0.5962393355813044	0.999934250474592
NF1_mutation_status	3.366543430796357	0.06653321249168437	3.9097814952410506	0.8716815085867055
NFASC_mutation_status	0.0985722825882417	0.7535497245382993	0.40822538070474856	0.999934250474592
NFATC1_mutation_status	0.060857435697793	0.8051458252251437	0.3126779920623041	0.999934250474592
NFATC2_mutation_status	20.17940221307453	7.050807987319579e-06	17.11377997670551	0.0063739304205368994
NID1_mutation_status	0.24958862315278355	0.61736488956763	0.6958046577506664	0.999934250474592
NINL_mutation_status	0.5318405730239081	0.4658340706838173	1.1021119340654748	0.999934250474592
NIN_mutation_status	0.49634840260683183	0.48110901168165765	1.0555642720070852	0.999934250474592
NIPBL_mutation_status	2.799540332570367	0.09429133585765383	3.406730977617291	0.999934250474592
NLGN4X_mutation_status	7.662366628593474e-06	0.99779138015044	0.0031898888281852496	0.999934250474592
NLRP9_mutation_status	0.13902812332336018	0.7092491070409164	0.49563566576905016	0.999934250474592
NOL6_mutation_status	0.012214904467513584	0.9119961495623297	0.13290036152701512	0.999934250474592
NOS1_mutation_status	0.2790390081009761	0.5973317776321871	0.7433956207005019	0.999934250474592
NOTCH1_mutation_status	0.0007421402895851391	0.9782665160417365	0.031700532582282476	0.999934250474592
NOTCH2_mutation_status	9.599858133356792	0.0019459240280934166	9.005328898506272	0.07995978733620221
NOTCH3_mutation_status	0.03299685870699511	0.8558571129879722	0.22455813890420956	0.999934250474592
NOTCH4_mutation_status	0.03818339804686675	0.8450753337301387	0.24284813958192278	0.999934250474592
NPAP1_mutation_status	0.05908249694047301	0.8079520121876762	0.3076584873494153	0.999934250474592
NRG1_mutation_status	0.017203301210825216	0.895647665543057	0.15899678575368179	0.999934250474592
NRG3_mutation_status	0.0027763548320215484	0.957978009080221	0.06193555641552387	0.999934250474592
NRK_mutation_status	7.739368994801356	0.005402967778925817	7.532032206310021	0.15755751200480447
NRXN1_mutation_status	2.0468112124478517	0.15252535986680865	2.7128789603275525	0.999934250474592
NRXN3_mutation_status	0.012119732858416799	0.9123382698071973	0.1323592598724019	0.999934250474592
NSD1_mutation_status	2.6889487141993866	0.10104646177202212	3.3069092894817067	0.999934250474592
NTNG1_mutation_status	0.007623677686512687	0.9304221851640218	0.1040425977704176	0.999934250474592
NUMA1_mutation_status	0.022354789165344353	0.8811471317884644	0.18254515794515264	0.999934250474592
NUP205_mutation_status	0.07420514805237496	0.785309691520063	0.34866639335265753	0.999934250474592
NUP214_mutation_status	0.8730914178029425	0.35010089287661617	1.5141573537521258	0.999934250474592
NUP98_mutation_status	0.09891868537084719	0.7531311327680767	0.40902701070312014	0.999934250474592
OBSCN_mutation_status	0.017295026231560304	0.8953714369431423	0.15944179902445627	0.999934250474592
OBSL1_mutation_status	1.7760414135716283e-05	0.9966374765625061	0.004859270179263535	0.999934250474592
OCA2_mutation_status	0.001517271031781059	0.968928527737366	0.045537844604883235	0.999934250474592
OGDHL_mutation_status	0.0028223115945733884	0.9576319677350305	0.06245678165878476	0.999934250474592
OTOF_mutation_status	0.0584522464211254	0.8089591655234424	0.3058612144616129	0.999934250474592
PAPPA2_mutation_status	0.007188358590949173	0.9324329641575337	0.10092808614564804	0.999934250474592
PAPPA_mutation_status	0.12012354833244893	0.7289005300418195	0.45620614536489645	0.999934250474592
PARD3B_mutation_status	0.022415973732909843	0.880985804107784	0.18280932262964908	0.999934250474592
PAX1_mutation_status	0.6029276753935956	0.43746316050897127	1.1927665645453667	0.999934250474592
PBRM1_mutation_status	14.09871419770049	0.0001734623175790446	12.493090089347492	0.022401419298779472
PCDH10_mutation_status	0.04875558032889275	0.8252429790012027	0.2771091355422294	0.999934250474592
PCDH11X_mutation_status	0.034077109080636665	0.8535428941263942	0.22846443830867613	0.999934250474592
PCDH15_mutation_status	0.5482292430041562	0.4590421284418388	1.1233015323047657	0.999934250474592
PCDH17_mutation_status	2.9535606846946445	0.08568857158462273	3.5447533870429844	0.9895863995147577
PCDH18_mutation_status	0.017484941366299262	0.894801869045032	0.1603598250133718	0.999934250474592
PCDH19_mutation_status	7.306165033015008	0.0068718427775559445	7.185087255554033	0.17983504220368063
PCDH20_mutation_status	0.1242251439158202	0.7244964045179927	0.4649495647972665	0.999934250474592
PCDH7_mutation_status	0.20238328744151413	0.6528039635024245	0.6152782782214379	0.999934250474592
PCDH8_mutation_status	0.06574016302873253	0.7976431877996384	0.3261845693820003	0.999934250474592
PCDH9_mutation_status	0.0011756470467058305	0.972647725227825	0.04001071237895479	0.999934250474592
PCDHA10_mutation_status	0.4025511887023719	0.5257746493460316	0.9274835119737281	0.999934250474592
PCDHA11_mutation_status	7.313842047935562	0.006842547547611661	7.191250730013	0.17983504220368063
PCDHA12_mutation_status	0.5765152551078507	0.4476814804831939	1.1594554562699357	0.999934250474592
PCDHA13_mutation_status	1.5289820707838877	0.2162652820684289	2.2091260126103873	0.999934250474592
PCDHA1_mutation_status	4.965292753478384	0.02586093707952769	5.2730816371519404	0.4101453880682988
PCDHA2_mutation_status	0.015373256559164718	0.9013240342705748	0.14988223347339477	0.999934250474592
PCDHA3_mutation_status	0.035121792275883475	0.8513406799118358	0.23219152600161358	0.999934250474592
PCDHA4_mutation_status	0.28316285651845674	0.5946356225474088	0.7499222022218794	0.999934250474592
PCDHA5_mutation_status	0.18988719033805643	0.6630105245913331	0.5928963231087604	0.999934250474592
PCDHA6_mutation_status	0.000967960053370673	0.9751801747089424	0.03625929844095501	0.999934250474592
PCDHA7_mutation_status	0.07588715198787638	0.782950387149441	0.3530072030558307	0.999934250474592
PCDHA8_mutation_status	0.28361524291758633	0.5943413898287044	0.7506362414142081	0.999934250474592
PCDHA9_mutation_status	0.03496842306056853	0.8516618424487277	0.23164738164633242	0.999934250474592
PCDHB10_mutation_status	0.1510221578624179	0.6975604552448801	0.5196098389456703	0.999934250474592
PCDHB11_mutation_status	0.12621839585538097	0.7223856169661472	0.46915892651236935	0.999934250474592
PCDHB12_mutation_status	0.5716984914714995	0.44958476945251025	1.1533349325658868	0.999934250474592
PCDHB14_mutation_status	0.08205566421954297	0.7745307278680033	0.36860561886360244	0.999934250474592
PCDHB2_mutation_status	0.0610984003495832	0.8047682216108946	0.3133547572259591	0.999934250474592
PCDHB3_mutation_status	0.0066250197899755765	0.9351284420148952	0.09676355883737894	0.999934250474592
PCDHB5_mutation_status	0.10569932799402044	0.7450945433304752	0.4245045974466614	0.999934250474592
PCDHB6_mutation_status	0.021689059803582458	0.882917284484531	0.1796498086032311	0.999934250474592
PCDHB7_mutation_status	0.24492608563909674	0.6206706567464948	0.6881001532005866	0.999934250474592
PCDHB8_mutation_status	0.05292665679817471	0.8180467455652671	0.28974480958303916	0.999934250474592
PCDHGA12_mutation_status	0.0026966146197530275	0.9585853160493712	0.06102125447670775	0.999934250474592
PCDHGA2_mutation_status	0.17806565517015466	0.6730408829586796	0.5712339528298864	0.999934250474592
PCDHGA3_mutation_status	11.198486043918516	0.0008186409629910144	10.254481521679486	0.04231856239056503
PCDHGA6_mutation_status	0.19679157990165164	0.657323150053588	0.605325299128538	0.999934250474592
PCDHGA8_mutation_status	0.00476306707609573	0.9449776978542374	0.08164781378092052	0.999934250474592
PCDHGB3_mutation_status	0.15037286408572698	0.6981792904278716	0.51833053095018	0.999934250474592
PCDHGB6_mutation_status	0.6425712301833726	0.42278124832584973	1.2420167047969404	0.999934250474592
PCLO_mutation_status	1.172639691223327	0.27885951819502	1.842389580163432	0.999934250474592
PCNT_mutation_status	0.0013172849488764056	0.9710475989223099	0.04238607931901656	0.999934250474592
PCNXL2_mutation_status	0.18583199813572818	0.6664084889330998	0.5855213165373196	0.999934250474592
PDCD11_mutation_status	0.022950755282208184	0.8795852020041355	0.18510476215290997	0.999934250474592
PDE1C_mutation_status	0.03292938860187003	0.8560029438623001	0.2243123367092597	0.999934250474592
PDE3A_mutation_status	0.010452173008272562	0.9185694571793075	0.12253928074774398	0.999934250474592
PDE4DIP_mutation_status	0.01658943238655807	0.8975159289173613	0.155990551086876	0.999934250474592
PDZD2_mutation_status	0.007496887015581877	0.9310017346169833	0.10314423911082463	0.999934250474592
PDZRN3_mutation_status	0.29066929238358247	0.5897919509289942	0.7617219612535013	0.999934250474592
PDZRN4_mutation_status	0.07313448565653267	0.7868264751587486	0.34588259261201837	0.999934250474592
PEG3_mutation_status	4.927785064416125e-06	0.9982288082393586	0.002557555199094785	0.999934250474592
PGR_mutation_status	0.027640769163367045	0.8679561734550563	0.20430589776524297	0.999934250474592
PHF3_mutation_status	0.07565368674716359	0.7832761707723175	0.3524070262531479	0.999934250474592
PIK3CA_mutation_status	0.4646047259340189	0.4954797747601477	1.0131019263731988	0.999934250474592
PIK3CG_mutation_status	9.993929274314194	0.0015705712220712132	9.314494917030936	0.07098981923761884
PKD1L1_mutation_status	6.790552679658346e-09	0.999934250474592	9.485963276909452e-05	0.999934250474592
PKD1L2_mutation_status	4.087299334844323	0.04320662668286563	4.5326035915218394	0.6299804922792022
PKD1_mutation_status	0.02877480489574421	0.8653000429419218	0.20872762062732544	0.999934250474592
PKDREJ_mutation_status	0.10806799806771271	0.7423545049397176	0.42981979701487716	0.999934250474592
PKHD1L1_mutation_status	0.08439434937305348	0.7714283538017978	0.37439592177849423	0.999934250474592
PKHD1_mutation_status	1.7079499899715733	0.1912515649843731	2.3864565416653067	0.999934250474592
PLCB1_mutation_status	0.00269318147157959	0.9586116639657423	0.060981600744008546	0.999934250474592
PLCE1_mutation_status	0.2718609550821601	0.6020861510916559	0.7319581612909054	0.999934250474592
PLCL1_mutation_status	0.00433110927291365	0.947528168126754	0.07775926251368107	0.999934250474592
PLD1_mutation_status	0.0499716011008236	0.8231126973120835	0.2808381226580608	0.999934250474592
PLEC_mutation_status	0.01997414171517197	0.8876093268682606	0.17200326764548632	0.999934250474592
PLXNA1_mutation_status	0.4498816514656523	0.5023911615463246	0.9931170114409642	0.999934250474592
PLXNA3_mutation_status	0.3523049515314994	0.5528112440887258	0.8551411346856687	0.999934250474592
PLXNA4_mutation_status	0.5242868838766452	0.4690187260171038	1.0922825700301098	0.999934250474592
PLXNB2_mutation_status	6.443403313046234e-06	0.9979746632032767	0.0029249063137964776	0.999934250474592
PLXNC1_mutation_status	0.4469028377109484	0.5038094287148872	0.9890499727498605	0.999934250474592
PML_mutation_status	0.0003614086124762664	0.9848325297650464	0.022049678967073973	0.999934250474592
PNPLA7_mutation_status	0.0012594645109075349	0.9716898693706238	0.04143216718258724	0.999934250474592
POGZ_mutation_status	0.020331777038304383	0.8866143585994118	0.17362136794427308	0.999934250474592
POLE_mutation_status	0.04075770595599968	0.8400063331747663	0.2515278898466966	0.999934250474592
POLQ_mutation_status	0.2656894033084808	0.6062381256561016	0.7220435103906716	0.999934250474592
POLR3A_mutation_status	0.01922741867435809	0.8897164826457097	0.16858241526314907	0.999934250474592
POSTN_mutation_status	2.152576923055454	0.14233082462593763	2.8126799543221113	0.999934250474592
PPL_mutation_status	0.019570192076333495	0.8887441349630942	0.1701599608164381	0.999934250474592
PPP1R26_mutation_status	0.0006272554128769278	0.980019016094428	0.029118351619760827	0.999934250474592
PPP1R3A_mutation_status	0.006793546273732681	0.9343103693746594	0.09802621521243789	0.999934250474592
PRDM16_mutation_status	1.5659052188959126	0.21080267307235637	2.246034933776648	0.999934250474592
PRDM2_mutation_status	0.06784360826885273	0.7945027526399009	0.33187587693338544	0.999934250474592
PRDM9_mutation_status	0.011788493509432504	0.9135397261885773	0.13046062763384958	0.999934250474592
PREX2_mutation_status	1.325541494903512	0.2495999419313302	2.0023104963257894	0.999934250474592
PRKDC_mutation_status	0.022346105902909624	0.8811700455582266	0.182507641903851	0.999934250474592
PRR12_mutation_status	0.34830964394468444	0.555071562799437	0.8492543114602322	0.999934250474592
PRRC2A_mutation_status	0.19622682257369128	0.6577838404858218	0.6043145283943897	0.999934250474592
PRUNE2_mutation_status	0.03055525748755023	0.8612362994969406	0.21551896720690492	0.999934250474592
PTCH1_mutation_status	0.0025747242530853726	0.9595313151726048	0.05959820404044616	0.999934250474592
PTCHD2_mutation_status	0.01709344352858023	0.8959794880857259	0.15846239025597159	0.999934250474592
PTCHD3_mutation_status	0.0017399723659421136	0.9667275096210931	0.04881879868819293	0.999934250474592
PTEN_mutation_status	0.1283685385204934	0.7201296274273058	0.47367147164652423	0.999934250474592
PTPN13_mutation_status	0.2741822195939832	0.6005400015231215	0.7356677489115193	0.999934250474592
PTPRB_mutation_status	0.0095326010483217	0.9222220994723607	0.11681385700873247	0.999934250474592
PTPRC_mutation_status	0.3485928242954264	0.5549107809703571	0.8496722625211711	0.999934250474592
PTPRD_mutation_status	0.09805658868946095	0.754174386562884	0.4070299407034532	0.999934250474592
PTPRF_mutation_status	14.529957286907564	0.00013794837607748663	12.82358390610398	0.020784221995674652
PTPRG_mutation_status	5.156736076004307	0.023156375235943757	5.432446749849957	0.40108675974970937
PTPRJ_mutation_status	0.07269822993356942	0.787447924373763	0.3447435767612846	0.999934250474592
PTPRK_mutation_status	0.004739523636710455	0.9451136363822835	0.08144029170295139	0.999934250474592
PTPRM_mutation_status	0.017683778675844097	0.8942089054631543	0.16131618107619572	0.999934250474592
PTPRN2_mutation_status	0.19973865528012036	0.6549318786789132	0.6105832392342749	0.999934250474592
PTPRS_mutation_status	0.1451037439007306	0.7032590100548037	0.5078719636245091	0.999934250474592
PTPRT_mutation_status	1.6291277782039826	0.20182373152904928	2.3088322705606044	0.999934250474592
PTPRU_mutation_status	0.383571137428927	0.5356981935380949	0.9005076638251922	0.999934250474592
PTPRZ1_mutation_status	5.224406600021891	0.022272044370404313	5.488622199333092	0.40108675974970937
PXDNL_mutation_status	0.0016660572231637885	0.9674414962361895	0.04775367460386599	0.999934250474592
PXDN_mutation_status	0.0661052076671815	0.7970943751652686	0.32717754692968837	0.999934250474592
PZP_mutation_status	2.6869865641505335	0.1011709836163184	3.3051325182480453	0.999934250474592
QKI_mutation_status	2.7899782819047685	0.09485551301283049	3.3981245641070355	0.999934250474592
RAB3GAP2_mutation_status	1.5876899897401078	0.20765648052915306	2.267729198894547	0.999934250474592
RANBP2_mutation_status	2.664378572126947	0.10261789750267705	3.2846457227479755	0.999934250474592
RASA1_mutation_status	0.003911912320554816	0.9501286025531005	0.07380529543456911	0.999934250474592
RELN_mutation_status	1.6140666981942304	0.2039210905572871	2.293917100950787	0.999934250474592
REV3L_mutation_status	0.00856079093231599	0.9262812928976691	0.11047771755452646	0.999934250474592
RGS12_mutation_status	0.1896017493598601	0.663248284907789	0.5923790550903483	0.999934250474592
RGS22_mutation_status	0.0008426742090732162	0.9768415802585323	0.03380348346863103	0.999934250474592
RICTOR_mutation_status	0.12815694350234377	0.7203506890663738	0.473228668604697	0.999934250474592
RIF1_mutation_status	0.0371955702913048	0.8470674128730867	0.2394513055570664	0.999934250474592
RIMS1_mutation_status	0.046507066559929075	0.8292567031013389	0.27010932614120337	0.999934250474592
RIMS2_mutation_status	2.9277498208048764	0.08706876987259994	3.5217008490137385	0.9895863995147577
RNF17_mutation_status	0.00020154381281176244	0.988673122370778	0.01643448258279406	0.999934250474592
RNF213_mutation_status	0.12793154239370724	0.7205864010578013	0.4727566694779143	0.999934250474592
RNF43_mutation_status	0.05630787811503155	0.8124296389118181	0.29968522215247406	0.999934250474592
ROBO1_mutation_status	0.0518187020724323	0.8199282852914982	0.2864303643991216	0.999934250474592
ROBO2_mutation_status	0.10543961204428588	0.7453970364395529	0.423919011697256	0.999934250474592
ROS1_mutation_status	0.018250264985943926	0.8925379164141218	0.16401463648994355	0.999934250474592
RP1L1_mutation_status	0.3896778077065872	0.5324688082922091	0.9092310792956683	0.999934250474592
RP1_mutation_status	0.06635792282260163	0.7967153857778709	0.3278636590786439	0.999934250474592
RUSC1_mutation_status	0.11670113599183765	0.7326402862001536	0.44882306118570714	0.999934250474592
RXFP3_mutation_status	0.04550441040027687	0.8310792248456901	0.26694208258010366	0.999934250474592
RYR1_mutation_status	2.958225614371674	0.08544165687772963	3.54891656585194	0.9895863995147577
RYR2_mutation_status	0.1820625004571693	0.6696067191489943	0.5786140902453759	0.999934250474592
RYR3_mutation_status	0.043452031135080144	0.8348764420262567	0.26036539390655405	0.999934250474592
SACS_mutation_status	3.441037381895812e-05	0.9953196075932187	0.0067682302859423575	0.999934250474592
SALL1_mutation_status	1.3661949431281029	0.24246672245760337	2.0441413378547257	0.999934250474592
SALL3_mutation_status	3.0083676810902404	0.08283566970576549	3.593604052166394	0.9895863995147577
SALL4_mutation_status	0.021360834791784945	0.8838002420023358	0.17820776875338323	0.999934250474592
SAMD9L_mutation_status	0.36274451656467743	0.5469859381661049	0.8704243499843219	0.999934250474592
SAMD9_mutation_status	0.43502750748374663	0.50953228210875	0.9727545416997735	0.999934250474592
SBF1_mutation_status	0.028087010262483916	0.8669044253433771	0.20605514721148235	0.999934250474592
SCAF4_mutation_status	0.01273661765410795	0.910144225329496	0.1358329158609916	0.999934250474592
SCN10A_mutation_status	0.041106349048855906	0.8393327794564147	0.2526851697004627	0.999934250474592
SCN11A_mutation_status	5.097240473206494	0.02396393840214732	5.382991159514528	0.40108675974970937
SCN1A_mutation_status	0.2521830290685418	0.61554211698221	0.7000705218777452	0.999934250474592
SCN2A_mutation_status	0.03814286887813249	0.845156536107757	0.24270951923085848	0.999934250474592
SCN3A_mutation_status	0.04335941220739043	0.8350499865662887	0.2600655341715477	0.999934250474592
SCN4A_mutation_status	1.41061881973783	0.23495369281664644	2.0895516518285002	0.999934250474592
SCN5A_mutation_status	2.013920271906762	0.15586211377193093	2.681657807748732	0.999934250474592
SCN9A_mutation_status	0.006538863232458863	0.9355507161485879	0.09611223088917029	0.999934250474592
SDK1_mutation_status	3.949044370700979	0.04689799340348612	4.414329993447081	0.6624341568242414
SDK2_mutation_status	0.30457256631719953	0.5810299312871994	0.7833156100745028	0.999934250474592
SEC16A_mutation_status	0.35460956920216063	0.5515152919344639	0.8585272067277099	0.999934250474592
SEMA5A_mutation_status	0.15687759742678054	0.6920476593968291	0.5310566992105972	0.999934250474592
SEMA5B_mutation_status	0.002027003722674254	0.9640895675580324	0.05276091039357669	0.999934250474592
SEMA6D_mutation_status	0.29563125852031996	0.5866342812650398	0.7694667142698822	0.999934250474592
SETBP1_mutation_status	0.10084730799986548	0.7508151909807357	0.41347025487991873	0.999934250474592
SETD1A_mutation_status	11.7173090919934	0.0006192142854965408	10.657273624189092	0.04231856239056503
SETX_mutation_status	0.01131506353327509	0.9152869797341677	0.12770393692695908	0.999934250474592
SFMBT2_mutation_status	0.12332700709719578	0.7254537250110222	0.4630445037880706	0.999934250474592
SHANK1_mutation_status	0.10305550193414556	0.7481932734553455	0.41851709932238446	0.999934250474592
SHANK2_mutation_status	0.2247107896062495	0.6354737390838721	0.6540955877157981	0.999934250474592
SIGLEC1_mutation_status	0.2867812013853153	0.5922906342534469	0.7556228215569769	0.999934250474592
SIPA1L1_mutation_status	0.6711459991538675	0.41265234472138523	1.2770012569880205	0.999934250474592
SIPA1L2_mutation_status	0.13261140003267283	0.7157396680602806	0.4824931552942826	0.999934250474592
SIPA1L3_mutation_status	0.2697815027949519	0.6034783797044989	0.7286260091627914	0.999934250474592
SI_mutation_status	0.006370414177959027	0.9363844939943368	0.09482705046594402	0.999934250474592
SLC12A5_mutation_status	0.06591846010064133	0.7973749314127264	0.3266698455780159	0.999934250474592
SLC12A7_mutation_status	0.6096594860122964	0.4349160484804747	1.2011911493964564	0.999934250474592
SLC32A1_mutation_status	0.24834540759339432	0.618242543892549	0.6937551593083136	0.999934250474592
SLC45A4_mutation_status	0.02658087686636542	0.8704897529550113	0.2001007797197745	0.999934250474592
SLC9C2_mutation_status	0.18122948072450545	0.6703187664494683	0.5770807703451105	0.999934250474592
SLCO6A1_mutation_status	0.021984302731950334	0.8821288656421287	0.18093866785447074	0.999934250474592
SLIT2_mutation_status	0.5444611047894446	0.46058975770301047	1.118445765118671	0.999934250474592
SLITRK1_mutation_status	0.30193912597068673	0.5826693090934004	0.77925077319277	0.999934250474592
SLITRK2_mutation_status	0.0057426871415863796	0.9395937147085628	0.08989103222809518	0.999934250474592
SLITRK5_mutation_status	0.6757301824374661	0.4110609094350117	1.2825759121017772	0.999934250474592
SLX4_mutation_status	0.00485404776744029	0.9444555270275165	0.08244523098674252	0.999934250474592
SMAD4_mutation_status	0.00043041131076033273	0.9834479897737266	0.02407933814320858	0.999934250474592
SMARCA2_mutation_status	0.09671861202442554	0.7558035402662464	0.40391681853268047	0.999934250474592
SMARCA4_mutation_status	0.0036184114255568517	0.9520335929804264	0.07091561424152365	0.999934250474592
SMG1_mutation_status	0.3511320589602067	0.5534729974890988	0.8534151615098822	0.999934250474592
SNRPN_mutation_status	1.2000556337367416	0.27331055918525915	1.871386896314448	0.999934250474592
SOGA2_mutation_status	0.02037445632192602	0.8864962199060573	0.17381361552246477	0.999934250474592
SOGA3_mutation_status	0.06143465774724943	0.8042426077090039	0.31429732465041066	0.999934250474592
SON_mutation_status	0.1049573995390836	0.7459597669852781	0.42283027343644614	0.999934250474592
SORCS1_mutation_status	0.044935450410251924	0.8321227662376991	0.2651317045300027	0.999934250474592
SORCS3_mutation_status	0.0006188357727783198	0.980153543530864	0.028920326129850273	0.999934250474592
SORL1_mutation_status	0.19198341933540458	0.6612709363636304	0.5966866000655004	0.999934250474592
SOX7_mutation_status	11.389354771865898	0.0007386618316674215	10.402798347297942	0.04231856239056503
SPAG17_mutation_status	0.2781588708878834	0.5979105048304139	0.7419985367177693	0.999934250474592
SPATA31A6_mutation_status	0.0001753295699505593	0.9894353538700872	0.01532264501503898	0.999934250474592
SPATA31D1_mutation_status	1.119950122242476	0.2899291941659673	1.7862274832615566	0.999934250474592
SPEF2_mutation_status	0.2934220847541718	0.5880358774600469	0.7660239149028483	0.999934250474592
SPEG_mutation_status	0.25864149675073933	0.6110550044573715	0.7106258439985252	0.999934250474592
SPEN_mutation_status	0.8372022470283965	0.3601981573945674	1.4731372937778744	0.999934250474592
SPHKAP_mutation_status	0.4787590731504325	0.4889849437716409	1.0321380507331588	0.999934250474592
SPTA1_mutation_status	0.5883254139910822	0.44306740227840735	1.1744019073125584	0.999934250474592
SPTAN1_mutation_status	0.024350491003048525	0.8759964168282061	0.1910031262421354	0.999934250474592
SPTBN1_mutation_status	0.0041197016664424975	0.9488229989289219	0.07578911447376553	0.999934250474592
SPTBN2_mutation_status	0.628306761249536	0.42797708599587114	1.224394538459708	0.999934250474592
SPTBN4_mutation_status	0.11728925339706144	0.7319933145157931	0.4500976228247069	0.999934250474592
SPTBN5_mutation_status	0.3101698116085512	0.5775760008552642	0.7919172975487291	0.999934250474592
SPTB_mutation_status	0.5844731562684561	0.4445643084506904	1.1695359676833603	0.999934250474592
SRCAP_mutation_status	5.4679519427679715	0.019368309899093102	5.69015812156295	0.3806293945386992
SRRM2_mutation_status	0.10431117112380588	0.7467161445166455	0.42136817145096733	0.999934250474592
SSPO_mutation_status	0.009248050213547496	0.9233881115846315	0.11499093675642434	0.999934250474592
ST6GAL2_mutation_status	0.016114903422048375	0.8989843339035373	0.153632119967002	0.999934250474592
STAB1_mutation_status	16.172097121699498	5.783985621506635e-05	14.077576508559755	0.013071807504604994
STAB2_mutation_status	0.45986546063619327	0.4976868570302976	1.0066898062199807	0.999934250474592
SULF1_mutation_status	0.000981684336458424	0.9750048964539269	0.03651863082300085	0.999934250474592
SUPT6H_mutation_status	0.33464581030692375	0.5629361877925212	0.8289567014858479	0.999934250474592
SVEP1_mutation_status	0.26876172624941824	0.6041636287573601	0.7269887598628975	0.999934250474592
SVIL_mutation_status	0.4557168319871616	0.4996325503222442	1.001060625429974	0.999934250474592
SYNE1_mutation_status	2.918411841687303	0.08757401765617324	3.513353289796384	0.9895863995147577
SYNE2_mutation_status	3.1246714680572114	0.07711541437733199	3.6968369246666093	0.9768293638003179
SYT10_mutation_status	0.40370053265890704	0.5251843093197008	0.9291042807220763	0.999934250474592
SYTL2_mutation_status	0.21005111633162535	0.6467273425059104	0.6287704885779641	0.999934250474592
SZT2_mutation_status	0.003724818200190574	0.951334290715298	0.07197571404043253	0.999934250474592
TACC2_mutation_status	0.1892958360597645	0.6635033342815595	0.5918243793455724	0.999934250474592
TAF1L_mutation_status	0.2952799482472081	0.5868567133611795	0.7689197962494664	0.999934250474592
TAOK2_mutation_status	0.19486830278415426	0.658895285460178	0.6018788908848703	0.999934250474592
TCEB3B_mutation_status	2.061276972826609	0.15108351350573845	2.7265818551734675	0.999934250474592
TCHH_mutation_status	0.0873816272528473	0.7675326445729727	0.3816999826299756	0.999934250474592
TDRD6_mutation_status	0.09184113927485187	0.761849448145807	0.3924221652434516	0.999934250474592
TECTA_mutation_status	5.356168483199723	0.02064909293242465	5.597777781042095	0.3888912502273309
TENM1_mutation_status	0.5585953692914828	0.4548267438413912	1.1366110076031566	0.999934250474592
TENM2_mutation_status	0.006972607954445998	0.9334522731497126	0.09935183467526544	0.999934250474592
TENM3_mutation_status	5.40372820285129	0.020093784258668104	5.637106897625601	0.38648470148587166
TENM4_mutation_status	0.02054767577980867	0.8860180298571071	0.17459203795720912	0.999934250474592
TEP1_mutation_status	9.115243268660753e-05	0.9923824099736008	0.011031931270035973	0.999934250474592
TET1_mutation_status	0.06830379104079827	0.7938226579596895	0.3331113533362573	0.999934250474592
TEX15_mutation_status	3.6659875404499727	0.05553372432518601	4.170492037401676	0.7606437392419417
TG_mutation_status	0.029841201243683748	0.8628510373589552	0.2128165809214633	0.999934250474592
THBS2_mutation_status	0.10119597759323523	0.7503991074463576	0.41426998303018076	0.999934250474592
THSD1_mutation_status	0.15267613081337536	0.6959909583640043	0.5228595307790797	0.999934250474592
THSD7A_mutation_status	0.7092374261171615	0.39969708422380157	1.3230210465002938	0.999934250474592
THSD7B_mutation_status	0.5551444576170294	0.456223257010964	1.132188101724478	0.999934250474592
TIAM1_mutation_status	5.065802653772796	0.024402402418400457	5.35683300155644	0.40108675974970937
TIAM2_mutation_status	0.163720342192923	0.6857541316385042	0.5442366856134099	0.999934250474592
TIE1_mutation_status	0.13506897407566798	0.7132331814208299	0.4875542725221395	0.999934250474592
TJP1_mutation_status	0.13428385853293204	0.7140310911459218	0.48594119981301764	0.999934250474592
TLL1_mutation_status	9.87080734160237	0.0016792180816329742	9.217994678056487	0.07228634027600993
TLN2_mutation_status	0.2709396875875055	0.6027021174490661	0.7304829615237374	0.999934250474592
TLR4_mutation_status	0.0007255058427834357	0.9785114056625615	0.0313394276868776	0.999934250474592
TLR9_mutation_status	0.0006572518037181588	0.9795469357127395	0.029813472943042364	0.999934250474592
TMEM132D_mutation_status	0.10097348852770646	0.7506645226232961	0.4137597939137893	0.999934250474592
TMPRSS15_mutation_status	0.0011456555682568547	0.9729987308686603	0.039490171659684804	0.999934250474592
TNC_mutation_status	0.27969576053423667	0.5969006953833743	0.7444371603732912	0.999934250474592
TNN_mutation_status	0.012080309423019442	0.9124803861839821	0.13213454648320258	0.999934250474592
TNRC6A_mutation_status	0.049044180732758194	0.8247348954728576	0.2779976439534142	0.999934250474592
TNR_mutation_status	0.30767834824945917	0.5791083501417975	0.788094795743496	0.999934250474592
TNS1_mutation_status	0.09742507504714171	0.7549418032535858	0.4055626602423785	0.999934250474592
TNS3_mutation_status	16.65584463717003	4.481201994225185e-05	14.445754715699364	0.013071807504604994
TNXB_mutation_status	0.1374807891285401	0.7107984048745755	0.49248765111520254	0.999934250474592
TONSL_mutation_status	0.08686765873914261	0.7681976997822655	0.38045045087999174	0.999934250474592
TP53_mutation_status	0.12161954017926695	0.7272845626560586	0.4594081409111772	0.999934250474592
TPO_mutation_status	0.013290633911512181	0.9082192181171873	0.13888753005969318	0.999934250474592
TPR_mutation_status	0.016048335352786297	0.899192073504402	0.1532987768177287	0.999934250474592
TPTE_mutation_status	0.10252258556470842	0.7488231794584884	0.41730300134928056	0.999934250474592
TRANK1_mutation_status	0.3930164276997957	0.5307180857051284	0.9139823814261089	0.999934250474592
TRHDE_mutation_status	0.02966095995679738	0.8632617642294795	0.21213000513116334	0.999934250474592
TRIOBP_mutation_status	0.012356090212221062	0.9114910946623184	0.13369953379494615	0.999934250474592
TRIO_mutation_status	0.16055943745022808	0.6886419778937573	0.538173968215258	0.999934250474592
TRPA1_mutation_status	0.23797577594214725	0.6256719538232314	0.6765216592007532	0.999934250474592
TRPC4_mutation_status	11.547205489617957	0.0006785116373717266	10.5253388195656	0.04231856239056503
TRPM1_mutation_status	0.4226919624732183	0.5155968546002062	0.9556846323253579	0.999934250474592
TRPM2_mutation_status	0.0972438949562959	0.7551624773243933	0.40514101334823016	0.999934250474592
TRPM3_mutation_status	0.12921270957175623	0.7192497290743332	0.47543532235441577	0.999934250474592
TRPS1_mutation_status	0.02916680878732592	0.8643944526633052	0.2102382812980172	0.999934250474592
TRRAP_mutation_status	0.09428149223461935	0.7588030963990463	0.3982025290129944	0.999934250474592
TSHZ2_mutation_status	0.26575008087244983	0.6061970082240435	0.7221413629086155	0.999934250474592
TSHZ3_mutation_status	0.40317378949803606	0.5254547149847906	0.9283616604469056	0.999934250474592
TTC3_mutation_status	0.5757911136688751	0.447966815085175	1.1585362319913088	0.999934250474592
TTN_mutation_status	1.3358663631060592	0.24776426098458557	2.0129599954589894	0.999934250474592
TUBGCP6_mutation_status	0.6452679134887419	0.42180962213223294	1.2453360892670873	0.999934250474592
TULP4_mutation_status	0.24834267036669247	0.6182444792747417	0.6937506430194413	0.999934250474592
TUSC3_mutation_status	0.02514057878803579	0.8740172717368393	0.19426630531837752	0.999934250474592
UBE4B_mutation_status	0.1552691853768416	0.6935499489489398	0.5279283067783148	0.999934250474592
UBR4_mutation_status	5.777349139836107	0.01623400721773492	5.9448370297177	0.3335350573825538
UBR5_mutation_status	0.7999646642092016	0.371103934552511	1.430104797895835	0.999934250474592
ULK1_mutation_status	0.09278268956989438	0.7606689075225778	0.39465945905037	0.999934250474592
UMODL1_mutation_status	0.024972386580299433	0.8744358874823523	0.1935754834128035	0.999934250474592
UNC13C_mutation_status	0.07537128311723948	0.7836709677610237	0.3516800436309393	0.999934250474592
UNC5D_mutation_status	0.3704469787969926	0.5427607271751733	0.8816117602017298	0.999934250474592
UNC79_mutation_status	0.26855133742794324	0.6043052068346373	0.7266507221991941	0.999934250474592
USH2A_mutation_status	2.4283804184957067	0.11915595088553675	3.0690770904958518	0.999934250474592
USP34_mutation_status	0.015082631972181874	0.9022564724924081	0.14839050730605022	0.999934250474592
UTP20_mutation_status	0.07660867326255104	0.7819469515997983	0.35485735853105455	0.999934250474592
UTRN_mutation_status	2.110390373667464e-06	0.9988408989284032	0.0016731992588481007	0.999934250474592
VCAN_mutation_status	0.5717423851566948	0.4495673685114603	1.1533907723961063	0.999934250474592
VPS13A_mutation_status	0.03727073311846267	0.8469148800691964	0.2397111173877533	0.999934250474592
VPS13B_mutation_status	4.905074240544613	0.02677790054726587	5.222813335489664	0.41736589818497144
VPS13C_mutation_status	0.3133479347920787	0.5756329885513974	0.7967788220312491	0.999934250474592
VPS13D_mutation_status	0.16425803369874215	0.6852661246994092	0.5452637240067968	0.999934250474592
VWA8_mutation_status	0.00030183499594147134	0.9861387304036144	0.020137475072849506	0.999934250474592
VWF_mutation_status	0.006403601884728879	0.9362193540911169	0.09508150526725118	0.999934250474592
WBSCR17_mutation_status	0.2772435027311494	0.5985136406622402	0.7405439670310127	0.999934250474592
WDFY3_mutation_status	0.009027488953996557	0.9243044226096893	0.11356000876849208	0.999934250474592
WDR49_mutation_status	0.22352732770880426	0.6363653154692384	0.6520728898974901	0.999934250474592
WDR90_mutation_status	0.011966436542869396	0.9128922063374577	0.13148357702560048	0.999934250474592
WHSC1_mutation_status	0.00026905222008308184	0.9869130369212297	0.019005129486242136	0.999934250474592
WISP1_mutation_status	0.3606474833607931	0.5481468595678756	0.8673656228965407	0.999934250474592
WNK1_mutation_status	0.08215243738947635	0.774401411323115	0.36884651300444715	0.999934250474592
WNK2_mutation_status	0.023051504222914552	0.879323213881374	0.18553453889951182	0.999934250474592
WNK4_mutation_status	0.13903677938551223	0.7092404676757964	0.49565323934792915	0.999934250474592
WWC3_mutation_status	0.0002990596375923458	0.986202598045918	0.02004404141658748	0.999934250474592
XDH_mutation_status	0.7958053625204294	0.37235046372952685	1.4252669405871297	0.999934250474592
XIRP2_mutation_status	0.1693833243873894	0.6806604492521665	0.5549928125769893	0.999934250474592
XIST_mutation_status	0.2802160253761229	0.5965596610177593	0.745261668030874	0.999934250474592
XRN1_mutation_status	1.4461928340175347	0.22913982826479123	2.1256998503606064	0.999934250474592
ZAN_mutation_status	0.11229247472035031	0.7375491298106023	0.4391889411548809	0.999934250474592
ZBBX_mutation_status	0.19991720087802706	0.6547876873815901	0.6109009012373763	0.999934250474592
ZBTB20_mutation_status	12.712221720798766	0.0003632735854747728	11.426655911924284	0.03648881347435495
ZC3H13_mutation_status	0.10424982545582645	0.7467880808336884	0.42122919338023096	0.999934250474592
ZDBF2_mutation_status	9.238767244843586	0.002369444161930246	8.721235621689262	0.09231960394435275
ZEB2_mutation_status	0.12252141133109644	0.7263157433594493	0.4613312431503747	0.999934250474592
ZFAT_mutation_status	0.011495927267910211	0.9146151932678704	0.12876320999773064	0.999934250474592
ZFHX3_mutation_status	0.018201972618609567	0.892679327614195	0.16378607804622378	0.999934250474592
ZFHX4_mutation_status	1.3560073828508141	0.24423063729029096	2.033683905641809	0.999934250474592
ZFP64_mutation_status	0.026675821634653377	0.8702607047537186	0.20048043977337165	0.999934250474592
ZFPM2_mutation_status	0.11216606607611325	0.7376914490164312	0.4389105821996616	0.999934250474592
ZIC1_mutation_status	0.07709419302761454	0.7812745890916117	0.3560984035023619	0.999934250474592
ZNF106_mutation_status	0.10884521836246706	0.7414626876541428	0.4315540005766422	0.999934250474592
ZNF208_mutation_status	0.004295622536435058	0.9477432640912709	0.07743179714130129	0.999934250474592
ZNF236_mutation_status	0.15981270178252455	0.6893290162042656	0.5367353503490633	0.999934250474592
ZNF292_mutation_status	0.009207257107251728	0.923556746580867	0.11472748668926111	0.999934250474592
ZNF407_mutation_status	0.017106860776271337	0.8959389035788612	0.15852774040480988	0.999934250474592
ZNF423_mutation_status	0.260882997526816	0.6095141717236363	0.7142683297634144	0.999934250474592
ZNF43_mutation_status	0.8472506930626444	0.35733126860687514	1.48466593106137	0.999934250474592
ZNF462_mutation_status	0.11567456907845992	0.7337739603417897	0.4465923867472672	0.999934250474592
ZNF521_mutation_status	0.2926917088880589	0.5885007609400502	0.7648838141967489	0.999934250474592
ZNF536_mutation_status	0.0009369900302531258	0.9755803334655799	0.035667419469192475	0.999934250474592
ZNF646_mutation_status	3.110259396603573	0.0778005687982554	3.684075487012838	0.9768293638003179
ZNF71_mutation_status	0.023367076520348903	0.8785063668756764	0.1868753528464498	0.999934250474592
ZNF804A_mutation_status	7.408905460754227e-05	0.9931322935227658	0.009942185294186048	0.999934250474592
ZNF804B_mutation_status	1.1191708093002157	0.29009707020958053	1.7853923695529441	0.999934250474592
ZNF831_mutation_status	0.11380499070911136	0.7358531073730086	0.44251029384310736	0.999934250474592
ZNF835_mutation_status	9.001664461652876	0.0026973383191897346	8.534247798755588	0.0975357536219008
ZNF99_mutation_status	0.1831256608298102	0.6687007441363686	0.5805673721232718	0.999934250474592
ZNFX1_mutation_status	0.14373339811870744	0.7045973608623708	0.5051290237983127	0.999934250474592
ZZEF1_mutation_status	0.048330574808043855	0.8259940847112595	0.275796644947592	0.999934250474592
